{
  "best_cost": 0.1164,
  "best_params": [
    0.18187969902899992,
    2.458315964004921,
    -2.326402796844678,
    -0.7757527851490509,
    -0.09129404748460335,
    -2.3130805240188836,
    0.8303453223436712,
    -0.21748444749551954,
    -1.6290836703619775,
    0.5618914145498954,
    -2.9515571345965865,
    -2.3834528665524206,
    1.1366848389272635,
    -0.7914973965650005,
    2.52918556464315,
    -0.7040674786459746,
    -2.535430388401572,
    -2.5344190194481824,
    -1.2009996884598604,
    -2.083593873171234,
    1.234511017165552,
    -2.369300867353925,
    2.8654809522464335,
    -1.4081544972059876
  ],
  "opt_path": [
    0.118,
    0.1164
  ],
  "params_path": [
    [
      1.181879699029,
      2.458315964004921,
      -2.326402796844678,
      -0.7757527851490509,
      -0.09129404748460335,
      -2.3130805240188836,
      0.8303453223436712,
      -0.21748444749551954,
      -1.6290836703619775,
      0.5618914145498954,
      -2.9515571345965865,
      -2.3834528665524206,
      1.1366848389272635,
      -0.7914973965650005,
      2.52918556464315,
      -0.7040674786459746,
      -2.535430388401572,
      -2.5344190194481824,
      -1.2009996884598604,
      -2.083593873171234,
      1.234511017165552,
      -2.369300867353925,
      2.8654809522464335,
      -1.4081544972059876
    ],
    [
      0.18187969902899992,
      2.458315964004921,
      -2.326402796844678,
      -0.7757527851490509,
      -0.09129404748460335,
      -2.3130805240188836,
      0.8303453223436712,
      -0.21748444749551954,
      -1.6290836703619775,
      0.5618914145498954,
      -2.9515571345965865,
      -2.3834528665524206,
      1.1366848389272635,
      -0.7914973965650005,
      2.52918556464315,
      -0.7040674786459746,
      -2.535430388401572,
      -2.5344190194481824,
      -1.2009996884598604,
      -2.083593873171234,
      1.234511017165552,
      -2.369300867353925,
      2.8654809522464335,
      -1.4081544972059876
    ]
  ],
  "time_taken": 4.6115570068359375,
  "n_steps": 2,
  "simulation_time": 4.405046701431274
}