{
  "best_cost": 0.12319999999999998,
  "best_params": [
    1.9006902312066352,
    -2.337044718623782,
    -1.6771711571259684,
    -1.4456174692975603,
    -2.1118076987061962,
    -0.23913845564161518,
    1.5390495502405237,
    1.8197052003767418,
    1.6807846913627218,
    2.154724094868678,
    0.7056443468328193,
    -2.0275844890413026,
    0.42044512061236494,
    0.41086423618441614,
    1.2575794429524194,
    -2.4402131957720723
  ],
  "opt_path": [
    -0.06800000000000003,
    0.12319999999999998
  ],
  "params_path": [
    [
      2.900690231206635,
      -2.337044718623782,
      -1.6771711571259684,
      -1.4456174692975603,
      -2.1118076987061962,
      -0.23913845564161518,
      1.5390495502405237,
      1.8197052003767418,
      1.6807846913627218,
      2.154724094868678,
      0.7056443468328193,
      -2.0275844890413026,
      0.42044512061236494,
      0.41086423618441614,
      1.2575794429524194,
      -2.4402131957720723
    ],
    [
      1.9006902312066352,
      -2.337044718623782,
      -1.6771711571259684,
      -1.4456174692975603,
      -2.1118076987061962,
      -0.23913845564161518,
      1.5390495502405237,
      1.8197052003767418,
      1.6807846913627218,
      2.154724094868678,
      0.7056443468328193,
      -2.0275844890413026,
      0.42044512061236494,
      0.41086423618441614,
      1.2575794429524194,
      -2.4402131957720723
    ]
  ],
  "time_taken": 1.7927298545837402,
  "n_steps": 2,
  "simulation_time": 1.7431209087371826
}