{
  "best_cost": -0.6280000000000043,
  "best_params": [
    1.5826215853419496,
    1.5066157158923197,
    -0.5560174887386018,
    2.7837256117385625,
    -3.102554022688278,
    -1.5095237262345298,
    -0.09528393005309432,
    -2.5660980729377,
    0.35877849323908917,
    0.6430262016446071,
    0.5479657370671416,
    2.665960310822461,
    1.8371321903677478,
    -3.073649111458042,
    2.485225520151282,
    2.3491230638570544,
    2.4408448461672716,
    -3.0630954720921126,
    -0.754597016894007,
    2.7952757520534623,
    -1.7888434322883688,
    2.2503399895890226,
    -2.536481753715434,
    -1.162358193217556,
    -0.44302927712888174,
    -0.34238657491536406,
    1.5918567945477635,
    2.0444230018784397,
    2.8738789160073974,
    -0.4104834105789279,
    1.643214594769316,
    -0.36567367498246517,
    3.0510788029163,
    -0.22855908334913666,
    2.1894613661026403,
    -1.7727490901295464,
    -0.5573183922244525,
    0.9626599723226086,
    -2.264608822407988,
    -0.681644514037683,
    -1.4530780546262196,
    -0.9555127810481054,
    1.496859923303858,
    -1.1670274068652375,
    -2.188509821630212,
    0.04637446261509037,
    -2.4358987766163342,
    1.5577400333698659,
    2.2474837237399594,
    -0.37417386833510946,
    0.6024771867294625,
    2.6830131957401786,
    -2.4795508811869165,
    -1.3733330087718143,
    -0.0431353863857189,
    -2.2985462613821053,
    -0.24031697842352884,
    -2.0228004878585697,
    -2.235969120874644,
    -1.6296773176872945,
    0.22280240335736234,
    -1.9191322870480534,
    -2.089580688756773,
    1.9550947293257428
  ],
  "opt_path": [
    -0.6144000000000036,
    -0.6280000000000043
  ],
  "params_path": [
    [
      2.5826215853419496,
      1.5066157158923197,
      -0.5560174887386018,
      2.7837256117385625,
      -3.102554022688278,
      -1.5095237262345298,
      -0.09528393005309432,
      -2.5660980729377,
      0.35877849323908917,
      0.6430262016446071,
      0.5479657370671416,
      2.665960310822461,
      1.8371321903677478,
      -3.073649111458042,
      2.485225520151282,
      2.3491230638570544,
      2.4408448461672716,
      -3.0630954720921126,
      -0.754597016894007,
      2.7952757520534623,
      -1.7888434322883688,
      2.2503399895890226,
      -2.536481753715434,
      -1.162358193217556,
      -0.44302927712888174,
      -0.34238657491536406,
      1.5918567945477635,
      2.0444230018784397,
      2.8738789160073974,
      -0.4104834105789279,
      1.643214594769316,
      -0.36567367498246517,
      3.0510788029163,
      -0.22855908334913666,
      2.1894613661026403,
      -1.7727490901295464,
      -0.5573183922244525,
      0.9626599723226086,
      -2.264608822407988,
      -0.681644514037683,
      -1.4530780546262196,
      -0.9555127810481054,
      1.496859923303858,
      -1.1670274068652375,
      -2.188509821630212,
      0.04637446261509037,
      -2.4358987766163342,
      1.5577400333698659,
      2.2474837237399594,
      -0.37417386833510946,
      0.6024771867294625,
      2.6830131957401786,
      -2.4795508811869165,
      -1.3733330087718143,
      -0.0431353863857189,
      -2.2985462613821053,
      -0.24031697842352884,
      -2.0228004878585697,
      -2.235969120874644,
      -1.6296773176872945,
      0.22280240335736234,
      -1.9191322870480534,
      -2.089580688756773,
      1.9550947293257428
    ],
    [
      1.5826215853419496,
      1.5066157158923197,
      -0.5560174887386018,
      2.7837256117385625,
      -3.102554022688278,
      -1.5095237262345298,
      -0.09528393005309432,
      -2.5660980729377,
      0.35877849323908917,
      0.6430262016446071,
      0.5479657370671416,
      2.665960310822461,
      1.8371321903677478,
      -3.073649111458042,
      2.485225520151282,
      2.3491230638570544,
      2.4408448461672716,
      -3.0630954720921126,
      -0.754597016894007,
      2.7952757520534623,
      -1.7888434322883688,
      2.2503399895890226,
      -2.536481753715434,
      -1.162358193217556,
      -0.44302927712888174,
      -0.34238657491536406,
      1.5918567945477635,
      2.0444230018784397,
      2.8738789160073974,
      -0.4104834105789279,
      1.643214594769316,
      -0.36567367498246517,
      3.0510788029163,
      -0.22855908334913666,
      2.1894613661026403,
      -1.7727490901295464,
      -0.5573183922244525,
      0.9626599723226086,
      -2.264608822407988,
      -0.681644514037683,
      -1.4530780546262196,
      -0.9555127810481054,
      1.496859923303858,
      -1.1670274068652375,
      -2.188509821630212,
      0.04637446261509037,
      -2.4358987766163342,
      1.5577400333698659,
      2.2474837237399594,
      -0.37417386833510946,
      0.6024771867294625,
      2.6830131957401786,
      -2.4795508811869165,
      -1.3733330087718143,
      -0.0431353863857189,
      -2.2985462613821053,
      -0.24031697842352884,
      -2.0228004878585697,
      -2.235969120874644,
      -1.6296773176872945,
      0.22280240335736234,
      -1.9191322870480534,
      -2.089580688756773,
      1.9550947293257428
    ]
  ],
  "time_taken": 2220.159187555313,
  "n_steps": 2,
  "simulation_time": 2134.1496851444244
}