{
  "best_cost": -0.04439999999999997,
  "best_params": [
    1.7066100380670628,
    -0.3488679576674327,
    1.658399770204456,
    1.9525368840878077,
    2.5525305355566745,
    -1.0049752479483605,
    -1.897351960293677,
    -1.71600861366611,
    0.8899009626924581,
    0.9354553909188539,
    -1.6546471128949665,
    1.59969708467019,
    -2.1431541907970555,
    -2.7873344230255372,
    -2.4652901399007345,
    2.912075857057305,
    0.8244499943754025,
    1.2271165909727593,
    2.352548919523792,
    3.0934735020863195,
    -0.13242591455982344,
    1.890549939224564,
    -2.1733349839520035,
    0.7732646430406787,
    -0.8361511151526653,
    0.6173757547677261,
    0.22892182574029984,
    -0.18264972085577869,
    2.273826512250057,
    2.2563394509547017,
    -2.634713402162711,
    2.8807909783865036
  ],
  "opt_path": [
    -0.04719999999999999,
    -0.04439999999999997
  ],
  "params_path": [
    [
      2.706610038067063,
      -0.3488679576674327,
      1.658399770204456,
      1.9525368840878077,
      2.5525305355566745,
      -1.0049752479483605,
      -1.897351960293677,
      -1.71600861366611,
      0.8899009626924581,
      0.9354553909188539,
      -1.6546471128949665,
      1.59969708467019,
      -2.1431541907970555,
      -2.7873344230255372,
      -2.4652901399007345,
      2.912075857057305,
      0.8244499943754025,
      1.2271165909727593,
      2.352548919523792,
      3.0934735020863195,
      -0.13242591455982344,
      1.890549939224564,
      -2.1733349839520035,
      0.7732646430406787,
      -0.8361511151526653,
      0.6173757547677261,
      0.22892182574029984,
      -0.18264972085577869,
      2.273826512250057,
      2.2563394509547017,
      -2.634713402162711,
      2.8807909783865036
    ],
    [
      1.7066100380670628,
      -0.3488679576674327,
      1.658399770204456,
      1.9525368840878077,
      2.5525305355566745,
      -1.0049752479483605,
      -1.897351960293677,
      -1.71600861366611,
      0.8899009626924581,
      0.9354553909188539,
      -1.6546471128949665,
      1.59969708467019,
      -2.1431541907970555,
      -2.7873344230255372,
      -2.4652901399007345,
      2.912075857057305,
      0.8244499943754025,
      1.2271165909727593,
      2.352548919523792,
      3.0934735020863195,
      -0.13242591455982344,
      1.890549939224564,
      -2.1733349839520035,
      0.7732646430406787,
      -0.8361511151526653,
      0.6173757547677261,
      0.22892182574029984,
      -0.18264972085577869,
      2.273826512250057,
      2.2563394509547017,
      -2.634713402162711,
      2.8807909783865036
    ]
  ],
  "time_taken": 18.256305694580078,
  "n_steps": 2,
  "simulation_time": 17.20106291770935
}