{
  "best_cost": -0.17599999999999982,
  "best_params": [
    -0.8465486279514267,
    1.911763743901365,
    -0.7225518830376458,
    0.5458495989579029,
    0.26125650365312936,
    -2.309649892859751,
    2.3505658188286214,
    -2.90881230359812,
    -1.7448089784369658,
    1.435362561768935,
    2.2876804226269893,
    2.323615791387966,
    -1.0059235156405748,
    2.1700200902496682,
    1.122400455926356,
    2.0228938317742804,
    -0.27353916919814925,
    0.387145448487098,
    0.5085883403901192,
    -1.0480059296308522,
    -2.272535342431488,
    -0.4331234304613032,
    1.421514876420602,
    -2.26841118123076,
    -0.11290533474230813,
    1.0130228612083219,
    -1.7379540930217212,
    0.292030750815059,
    -0.8125970622493641,
    0.03052971737090715,
    -2.0377951873301354,
    0.6221869220935519,
    0.014099723770630401,
    -0.17912814433881286,
    0.01885852031498203,
    -0.0408303089879416,
    2.3169281364819003,
    -1.2221721175318008,
    0.6598893850388854,
    1.052934292733167
  ],
  "opt_path": [
    -0.3388,
    -0.17599999999999982
  ],
  "params_path": [
    [
      0.1534513720485733,
      1.911763743901365,
      -0.7225518830376458,
      0.5458495989579029,
      0.26125650365312936,
      -2.309649892859751,
      2.3505658188286214,
      -2.90881230359812,
      -1.7448089784369658,
      1.435362561768935,
      2.2876804226269893,
      2.323615791387966,
      -1.0059235156405748,
      2.1700200902496682,
      1.122400455926356,
      2.0228938317742804,
      -0.27353916919814925,
      0.387145448487098,
      0.5085883403901192,
      -1.0480059296308522,
      -2.272535342431488,
      -0.4331234304613032,
      1.421514876420602,
      -2.26841118123076,
      -0.11290533474230813,
      1.0130228612083219,
      -1.7379540930217212,
      0.292030750815059,
      -0.8125970622493641,
      0.03052971737090715,
      -2.0377951873301354,
      0.6221869220935519,
      0.014099723770630401,
      -0.17912814433881286,
      0.01885852031498203,
      -0.0408303089879416,
      2.3169281364819003,
      -1.2221721175318008,
      0.6598893850388854,
      1.052934292733167
    ],
    [
      -0.8465486279514267,
      1.911763743901365,
      -0.7225518830376458,
      0.5458495989579029,
      0.26125650365312936,
      -2.309649892859751,
      2.3505658188286214,
      -2.90881230359812,
      -1.7448089784369658,
      1.435362561768935,
      2.2876804226269893,
      2.323615791387966,
      -1.0059235156405748,
      2.1700200902496682,
      1.122400455926356,
      2.0228938317742804,
      -0.27353916919814925,
      0.387145448487098,
      0.5085883403901192,
      -1.0480059296308522,
      -2.272535342431488,
      -0.4331234304613032,
      1.421514876420602,
      -2.26841118123076,
      -0.11290533474230813,
      1.0130228612083219,
      -1.7379540930217212,
      0.292030750815059,
      -0.8125970622493641,
      0.03052971737090715,
      -2.0377951873301354,
      0.6221869220935519,
      0.014099723770630401,
      -0.17912814433881286,
      0.01885852031498203,
      -0.0408303089879416,
      2.3169281364819003,
      -1.2221721175318008,
      0.6598893850388854,
      1.052934292733167
    ]
  ],
  "time_taken": 83.38261699676514,
  "n_steps": 2,
  "simulation_time": 78.07245397567749
}