{
  "best_cost": -1.42560000000001,
  "best_params": [
    2.5419974204427493,
    -1.3180309895595204,
    -0.8777715173669014,
    0.16675467147933176,
    1.6765164470796412,
    -1.2203437762381388,
    -0.15110555489368016,
    -1.0785847853519672,
    2.784626572163318,
    2.4433383002755233,
    -0.12055665704218921,
    1.4466881249394774,
    2.344767564710496,
    -0.8866406350220681,
    -1.2860247060113934,
    -1.0573705747833229,
    0.024583010938199923,
    3.109628565584818,
    -2.9669544490867454,
    2.2608688754549844,
    3.1209041558405097,
    1.8842389001111899,
    -2.4323059708330597,
    -1.2349143286059572,
    2.8862400256673144,
    -0.9101024598794374,
    0.33094882579354046,
    2.1452122267227507,
    3.0281097405369897,
    -2.8941193756062584,
    -0.42205808919425847,
    -0.2228034522926814,
    -2.9863562251735867,
    -1.682943568586867,
    -2.1084872233903496,
    0.7172226967733457,
    0.9384668485333458,
    -0.6649998365929157,
    2.854613750917281,
    1.2949064407609008,
    2.0449722305757545,
    -1.961617010770545,
    -0.775902667153527,
    1.1520859952277727,
    0.6960560963923808,
    -1.3252331720684993,
    1.1034729597997242,
    -1.806290459364739
  ],
  "opt_path": [
    -1.3668000000000085,
    -1.42560000000001
  ],
  "params_path": [
    [
      3.5419974204427493,
      -1.3180309895595204,
      -0.8777715173669014,
      0.16675467147933176,
      1.6765164470796412,
      -1.2203437762381388,
      -0.15110555489368016,
      -1.0785847853519672,
      2.784626572163318,
      2.4433383002755233,
      -0.12055665704218921,
      1.4466881249394774,
      2.344767564710496,
      -0.8866406350220681,
      -1.2860247060113934,
      -1.0573705747833229,
      0.024583010938199923,
      3.109628565584818,
      -2.9669544490867454,
      2.2608688754549844,
      3.1209041558405097,
      1.8842389001111899,
      -2.4323059708330597,
      -1.2349143286059572,
      2.8862400256673144,
      -0.9101024598794374,
      0.33094882579354046,
      2.1452122267227507,
      3.0281097405369897,
      -2.8941193756062584,
      -0.42205808919425847,
      -0.2228034522926814,
      -2.9863562251735867,
      -1.682943568586867,
      -2.1084872233903496,
      0.7172226967733457,
      0.9384668485333458,
      -0.6649998365929157,
      2.854613750917281,
      1.2949064407609008,
      2.0449722305757545,
      -1.961617010770545,
      -0.775902667153527,
      1.1520859952277727,
      0.6960560963923808,
      -1.3252331720684993,
      1.1034729597997242,
      -1.806290459364739
    ],
    [
      2.5419974204427493,
      -1.3180309895595204,
      -0.8777715173669014,
      0.16675467147933176,
      1.6765164470796412,
      -1.2203437762381388,
      -0.15110555489368016,
      -1.0785847853519672,
      2.784626572163318,
      2.4433383002755233,
      -0.12055665704218921,
      1.4466881249394774,
      2.344767564710496,
      -0.8866406350220681,
      -1.2860247060113934,
      -1.0573705747833229,
      0.024583010938199923,
      3.109628565584818,
      -2.9669544490867454,
      2.2608688754549844,
      3.1209041558405097,
      1.8842389001111899,
      -2.4323059708330597,
      -1.2349143286059572,
      2.8862400256673144,
      -0.9101024598794374,
      0.33094882579354046,
      2.1452122267227507,
      3.0281097405369897,
      -2.8941193756062584,
      -0.42205808919425847,
      -0.2228034522926814,
      -2.9863562251735867,
      -1.682943568586867,
      -2.1084872233903496,
      0.7172226967733457,
      0.9384668485333458,
      -0.6649998365929157,
      2.854613750917281,
      1.2949064407609008,
      2.0449722305757545,
      -1.961617010770545,
      -0.775902667153527,
      1.1520859952277727,
      0.6960560963923808,
      -1.3252331720684993,
      1.1034729597997242,
      -1.806290459364739
    ]
  ],
  "time_taken": 391.8982963562012,
  "n_steps": 2,
  "simulation_time": 370.48033118247986
}