{
  "best_cost": -0.5891999999999998,
  "best_params": [
    -0.968757392682809,
    1.1153186906349983,
    -3.1341447730137837,
    -0.6790939738892834,
    0.19510225106111845,
    0.07988375243223489,
    -0.7383946569473938,
    -0.2999640275357094,
    -1.9258970034713205,
    2.6126930454562434,
    1.5518150022212245,
    -1.0450915412462352,
    0.15728750817955817,
    1.2684886828476678,
    0.5935240902721031,
    -0.6990318342433515,
    -3.082331723358824,
    -0.07141432118541635,
    -2.805709791558628,
    2.969230550990675,
    1.500466744027034,
    -1.3536032729587735,
    -2.754646661662605,
    -0.6711473507120655,
    -0.2214937137035582,
    -2.2946294971606074,
    1.453344701378514,
    -2.8172995362007542
  ],
  "opt_path": [
    -0.5615999999999993,
    -0.5891999999999998
  ],
  "params_path": [
    [
      0.031242607317190974,
      1.1153186906349983,
      -3.1341447730137837,
      -0.6790939738892834,
      0.19510225106111845,
      0.07988375243223489,
      -0.7383946569473938,
      -0.2999640275357094,
      -1.9258970034713205,
      2.6126930454562434,
      1.5518150022212245,
      -1.0450915412462352,
      0.15728750817955817,
      1.2684886828476678,
      0.5935240902721031,
      -0.6990318342433515,
      -3.082331723358824,
      -0.07141432118541635,
      -2.805709791558628,
      2.969230550990675,
      1.500466744027034,
      -1.3536032729587735,
      -2.754646661662605,
      -0.6711473507120655,
      -0.2214937137035582,
      -2.2946294971606074,
      1.453344701378514,
      -2.8172995362007542
    ],
    [
      -0.968757392682809,
      1.1153186906349983,
      -3.1341447730137837,
      -0.6790939738892834,
      0.19510225106111845,
      0.07988375243223489,
      -0.7383946569473938,
      -0.2999640275357094,
      -1.9258970034713205,
      2.6126930454562434,
      1.5518150022212245,
      -1.0450915412462352,
      0.15728750817955817,
      1.2684886828476678,
      0.5935240902721031,
      -0.6990318342433515,
      -3.082331723358824,
      -0.07141432118541635,
      -2.805709791558628,
      2.969230550990675,
      1.500466744027034,
      -1.3536032729587735,
      -2.754646661662605,
      -0.6711473507120655,
      -0.2214937137035582,
      -2.2946294971606074,
      1.453344701378514,
      -2.8172995362007542
    ]
  ],
  "time_taken": 8.8514404296875,
  "n_steps": 2,
  "simulation_time": 8.385517358779907
}