{
  "best_cost": 0.5908000000000001,
  "best_params": [
    -0.1661864726709812,
    -2.638055965341632,
    -1.0090013364461061,
    1.379423966037522,
    1.4341605200010115,
    1.1733617460892454,
    0.4699024137210981,
    -1.3377795072725833,
    1.8493077660416297,
    2.0937046294840025,
    -0.06180690202804673,
    -1.9074369643252036
  ],
  "opt_path": [
    0.8967999999999998,
    0.5908000000000001
  ],
  "params_path": [
    [
      0.8338135273290188,
      -2.638055965341632,
      -1.0090013364461061,
      1.379423966037522,
      1.4341605200010115,
      1.1733617460892454,
      0.4699024137210981,
      -1.3377795072725833,
      1.8493077660416297,
      2.0937046294840025,
      -0.06180690202804673,
      -1.9074369643252036
    ],
    [
      -0.1661864726709812,
      -2.638055965341632,
      -1.0090013364461061,
      1.379423966037522,
      1.4341605200010115,
      1.1733617460892454,
      0.4699024137210981,
      -1.3377795072725833,
      1.8493077660416297,
      2.0937046294840025,
      -0.06180690202804673,
      -1.9074369643252036
    ]
  ],
  "time_taken": 1.321659803390503,
  "n_steps": 2,
  "simulation_time": 1.2922742366790771
}