{
  "best_cost": 0.35639999999996996,
  "best_params": [
    0.08107455815985487,
    -0.18593082134003414,
    2.853690877397659,
    0.6138746032967415,
    0.32347720365602983,
    -2.952828771850604,
    -1.893252679753144,
    -0.17073104764298774,
    0.32326073918967246,
    0.26268917782196244,
    -1.9366550514011542,
    -0.6774697248702446,
    -0.4862651628574932,
    -0.002550927777647871,
    -1.6275259055459845,
    -2.0343270113375,
    -0.4173142994543988,
    2.784663505048975,
    -2.831160549423811,
    2.0660419698660437,
    2.5087131963574665,
    -0.5330038786238624,
    -2.9863757678530876,
    -2.4500603180693163,
    -0.6937978132103471,
    -0.5290910461870801,
    1.4155225590832519,
    -0.32655191085148916,
    0.585312415470745,
    -0.19027582712865554,
    -2.760764513357182,
    -1.9072890091992523,
    2.4699048552373286,
    1.5392549382925056,
    -0.6744676750359999,
    0.5988326401449187,
    0.030794189396583516,
    1.8302740735457839,
    2.799813754039657,
    1.5316799142003985,
    0.8108663345564482,
    1.435906239293132,
    -2.377425535557268,
    2.1124633686574033,
    -1.8366034707012953,
    -2.8932446122349367,
    -2.839712313164234,
    -1.362942664734823,
    -0.18097332416225864,
    -0.43992839740832856,
    3.053821490050713,
    -0.30183734280557006
  ],
  "opt_path": [
    0.3243999999999686,
    0.35639999999996996
  ],
  "params_path": [
    [
      1.0810745581598549,
      -0.18593082134003414,
      2.853690877397659,
      0.6138746032967415,
      0.32347720365602983,
      -2.952828771850604,
      -1.893252679753144,
      -0.17073104764298774,
      0.32326073918967246,
      0.26268917782196244,
      -1.9366550514011542,
      -0.6774697248702446,
      -0.4862651628574932,
      -0.002550927777647871,
      -1.6275259055459845,
      -2.0343270113375,
      -0.4173142994543988,
      2.784663505048975,
      -2.831160549423811,
      2.0660419698660437,
      2.5087131963574665,
      -0.5330038786238624,
      -2.9863757678530876,
      -2.4500603180693163,
      -0.6937978132103471,
      -0.5290910461870801,
      1.4155225590832519,
      -0.32655191085148916,
      0.585312415470745,
      -0.19027582712865554,
      -2.760764513357182,
      -1.9072890091992523,
      2.4699048552373286,
      1.5392549382925056,
      -0.6744676750359999,
      0.5988326401449187,
      0.030794189396583516,
      1.8302740735457839,
      2.799813754039657,
      1.5316799142003985,
      0.8108663345564482,
      1.435906239293132,
      -2.377425535557268,
      2.1124633686574033,
      -1.8366034707012953,
      -2.8932446122349367,
      -2.839712313164234,
      -1.362942664734823,
      -0.18097332416225864,
      -0.43992839740832856,
      3.053821490050713,
      -0.30183734280557006
    ],
    [
      0.08107455815985487,
      -0.18593082134003414,
      2.853690877397659,
      0.6138746032967415,
      0.32347720365602983,
      -2.952828771850604,
      -1.893252679753144,
      -0.17073104764298774,
      0.32326073918967246,
      0.26268917782196244,
      -1.9366550514011542,
      -0.6774697248702446,
      -0.4862651628574932,
      -0.002550927777647871,
      -1.6275259055459845,
      -2.0343270113375,
      -0.4173142994543988,
      2.784663505048975,
      -2.831160549423811,
      2.0660419698660437,
      2.5087131963574665,
      -0.5330038786238624,
      -2.9863757678530876,
      -2.4500603180693163,
      -0.6937978132103471,
      -0.5290910461870801,
      1.4155225590832519,
      -0.32655191085148916,
      0.585312415470745,
      -0.19027582712865554,
      -2.760764513357182,
      -1.9072890091992523,
      2.4699048552373286,
      1.5392549382925056,
      -0.6744676750359999,
      0.5988326401449187,
      0.030794189396583516,
      1.8302740735457839,
      2.799813754039657,
      1.5316799142003985,
      0.8108663345564482,
      1.435906239293132,
      -2.377425535557268,
      2.1124633686574033,
      -1.8366034707012953,
      -2.8932446122349367,
      -2.839712313164234,
      -1.362942664734823,
      -0.18097332416225864,
      -0.43992839740832856,
      3.053821490050713,
      -0.30183734280557006
    ]
  ],
  "time_taken": 860.2835636138916,
  "n_steps": 2,
  "simulation_time": 823.9176006317139
}