{
  "best_cost": 0.33280000000000026,
  "best_params": [
    -2.0833358493435883,
    -1.6627166276923062,
    -0.8770237699756787,
    -2.3598950361355993,
    -0.07405296880322343,
    -3.0367113032120288,
    -1.9200226570505043,
    0.7969640968456018,
    2.1533266296989977,
    -0.3192299516263657,
    -1.9835504039308116,
    1.5712462870554438,
    2.1519515512887297,
    -2.8635635074188204,
    2.5589654097511447,
    2.6699965751274943,
    -0.06672035088857786,
    -2.093713716615662,
    1.7627126041631591,
    -0.6732845514142869
  ],
  "opt_path": [
    0.26160000000000005,
    0.33280000000000026
  ],
  "params_path": [
    [
      -1.0833358493435883,
      -1.6627166276923062,
      -0.8770237699756787,
      -2.3598950361355993,
      -0.07405296880322343,
      -3.0367113032120288,
      -1.9200226570505043,
      0.7969640968456018,
      2.1533266296989977,
      -0.3192299516263657,
      -1.9835504039308116,
      1.5712462870554438,
      2.1519515512887297,
      -2.8635635074188204,
      2.5589654097511447,
      2.6699965751274943,
      -0.06672035088857786,
      -2.093713716615662,
      1.7627126041631591,
      -0.6732845514142869
    ],
    [
      -2.0833358493435883,
      -1.6627166276923062,
      -0.8770237699756787,
      -2.3598950361355993,
      -0.07405296880322343,
      -3.0367113032120288,
      -1.9200226570505043,
      0.7969640968456018,
      2.1533266296989977,
      -0.3192299516263657,
      -1.9835504039308116,
      1.5712462870554438,
      2.1519515512887297,
      -2.8635635074188204,
      2.5589654097511447,
      2.6699965751274943,
      -0.06672035088857786,
      -2.093713716615662,
      1.7627126041631591,
      -0.6732845514142869
    ]
  ],
  "time_taken": 2.8372299671173096,
  "n_steps": 2,
  "simulation_time": 2.7392349243164062
}