{
  "best_cost": 1.2608,
  "best_params": [
    -0.5307619222520388,
    -1.0036328250041784,
    -0.38331694179128784,
    0.7844557546735036,
    1.9116860563813942,
    -0.48181624569081505,
    0.9006038559347722,
    2.3298459810731504
  ],
  "opt_path": [
    1.3288000000000002,
    1.2608
  ],
  "params_path": [
    [
      0.4692380777479612,
      -1.0036328250041784,
      -0.38331694179128784,
      0.7844557546735036,
      1.9116860563813942,
      -0.48181624569081505,
      0.9006038559347722,
      2.3298459810731504
    ],
    [
      -0.5307619222520388,
      -1.0036328250041784,
      -0.38331694179128784,
      0.7844557546735036,
      1.9116860563813942,
      -0.48181624569081505,
      0.9006038559347722,
      2.3298459810731504
    ]
  ],
  "time_taken": 0.9285664558410645,
  "n_steps": 2,
  "simulation_time": 0.9075338840484619
}