{
  "best_cost": -0.2519999999999985,
  "best_params": [
    -2.1816404441777815,
    0.7927372259356122,
    2.6260908499186213,
    2.545688066939113,
    -2.9756572125228082,
    -2.9708957453867924,
    0.8086007900728203,
    -1.9498235200200569,
    0.5411709849119903,
    1.743394067273611,
    1.6783579077472606,
    2.522816801943647,
    -1.0543498683991368,
    0.0622835859925317,
    -2.1126738108809127,
    -2.1385717966354947,
    1.1015099403456592,
    0.0715984159409837,
    0.8975026113463551,
    0.4691103947823696,
    -3.037128592046325,
    -0.3976290452909792,
    -2.9161022011679862,
    -2.734822642651906,
    0.39467322443893504,
    3.0357007563774205,
    2.633209856283119,
    0.4814580856734989,
    2.5419248392853913,
    1.681670763762252,
    2.1783582357742075,
    -0.5778044853576958,
    -2.418753556658218,
    -0.017847219743210907,
    -2.694650289195802,
    1.7337584466102323
  ],
  "opt_path": [
    -0.3715999999999981,
    -0.2519999999999985
  ],
  "params_path": [
    [
      -1.1816404441777815,
      0.7927372259356122,
      2.6260908499186213,
      2.545688066939113,
      -2.9756572125228082,
      -2.9708957453867924,
      0.8086007900728203,
      -1.9498235200200569,
      0.5411709849119903,
      1.743394067273611,
      1.6783579077472606,
      2.522816801943647,
      -1.0543498683991368,
      0.0622835859925317,
      -2.1126738108809127,
      -2.1385717966354947,
      1.1015099403456592,
      0.0715984159409837,
      0.8975026113463551,
      0.4691103947823696,
      -3.037128592046325,
      -0.3976290452909792,
      -2.9161022011679862,
      -2.734822642651906,
      0.39467322443893504,
      3.0357007563774205,
      2.633209856283119,
      0.4814580856734989,
      2.5419248392853913,
      1.681670763762252,
      2.1783582357742075,
      -0.5778044853576958,
      -2.418753556658218,
      -0.017847219743210907,
      -2.694650289195802,
      1.7337584466102323
    ],
    [
      -2.1816404441777815,
      0.7927372259356122,
      2.6260908499186213,
      2.545688066939113,
      -2.9756572125228082,
      -2.9708957453867924,
      0.8086007900728203,
      -1.9498235200200569,
      0.5411709849119903,
      1.743394067273611,
      1.6783579077472606,
      2.522816801943647,
      -1.0543498683991368,
      0.0622835859925317,
      -2.1126738108809127,
      -2.1385717966354947,
      1.1015099403456592,
      0.0715984159409837,
      0.8975026113463551,
      0.4691103947823696,
      -3.037128592046325,
      -0.3976290452909792,
      -2.9161022011679862,
      -2.734822642651906,
      0.39467322443893504,
      3.0357007563774205,
      2.633209856283119,
      0.4814580856734989,
      2.5419248392853913,
      1.681670763762252,
      2.1783582357742075,
      -0.5778044853576958,
      -2.418753556658218,
      -0.017847219743210907,
      -2.694650289195802,
      1.7337584466102323
    ]
  ],
  "time_taken": 39.17597842216492,
  "n_steps": 2,
  "simulation_time": 36.82337427139282
}