{
  "best_cost": 0.32320000000001214,
  "best_params": [
    -1.5909718223435987,
    0.4582600628044542,
    -2.176574580166769,
    2.85463237867825,
    2.8382112531249275,
    -2.5705740905410748,
    2.2165094247242507,
    0.0599426545995323,
    -1.066123473606734,
    0.10469403067874206,
    2.087849072766277,
    -2.9243254756049626,
    0.20358367887645779,
    -1.7677958935620908,
    2.5803688862737406,
    2.925781134493322,
    2.3924392636408207,
    -2.739145363578446,
    0.47186396813400666,
    -0.7083719675632705,
    -2.8832861343772387,
    -1.3914604753806308,
    0.26640932450285115,
    2.6305553343032058,
    -2.749450253060641,
    1.3441794503984,
    1.968571760902849,
    -0.1575402065055309,
    -1.1282569117469858,
    -2.005077819286571,
    -1.8589868437292223,
    -0.311664224025761,
    -2.3038274693452356,
    0.4216681885006719,
    1.9219308690226722,
    -0.8955512473435987,
    2.8266420572070814,
    2.0876670149350973,
    1.1034570068574894,
    -1.419791286382627,
    -2.4984538233289753,
    -0.7216764617186868,
    -2.364480876853861,
    -0.12224789923578694
  ],
  "opt_path": [
    0.3756000000000079,
    0.32320000000001214
  ],
  "params_path": [
    [
      -0.5909718223435987,
      0.4582600628044542,
      -2.176574580166769,
      2.85463237867825,
      2.8382112531249275,
      -2.5705740905410748,
      2.2165094247242507,
      0.0599426545995323,
      -1.066123473606734,
      0.10469403067874206,
      2.087849072766277,
      -2.9243254756049626,
      0.20358367887645779,
      -1.7677958935620908,
      2.5803688862737406,
      2.925781134493322,
      2.3924392636408207,
      -2.739145363578446,
      0.47186396813400666,
      -0.7083719675632705,
      -2.8832861343772387,
      -1.3914604753806308,
      0.26640932450285115,
      2.6305553343032058,
      -2.749450253060641,
      1.3441794503984,
      1.968571760902849,
      -0.1575402065055309,
      -1.1282569117469858,
      -2.005077819286571,
      -1.8589868437292223,
      -0.311664224025761,
      -2.3038274693452356,
      0.4216681885006719,
      1.9219308690226722,
      -0.8955512473435987,
      2.8266420572070814,
      2.0876670149350973,
      1.1034570068574894,
      -1.419791286382627,
      -2.4984538233289753,
      -0.7216764617186868,
      -2.364480876853861,
      -0.12224789923578694
    ],
    [
      -1.5909718223435987,
      0.4582600628044542,
      -2.176574580166769,
      2.85463237867825,
      2.8382112531249275,
      -2.5705740905410748,
      2.2165094247242507,
      0.0599426545995323,
      -1.066123473606734,
      0.10469403067874206,
      2.087849072766277,
      -2.9243254756049626,
      0.20358367887645779,
      -1.7677958935620908,
      2.5803688862737406,
      2.925781134493322,
      2.3924392636408207,
      -2.739145363578446,
      0.47186396813400666,
      -0.7083719675632705,
      -2.8832861343772387,
      -1.3914604753806308,
      0.26640932450285115,
      2.6305553343032058,
      -2.749450253060641,
      1.3441794503984,
      1.968571760902849,
      -0.1575402065055309,
      -1.1282569117469858,
      -2.005077819286571,
      -1.8589868437292223,
      -0.311664224025761,
      -2.3038274693452356,
      0.4216681885006719,
      1.9219308690226722,
      -0.8955512473435987,
      2.8266420572070814,
      2.0876670149350973,
      1.1034570068574894,
      -1.419791286382627,
      -2.4984538233289753,
      -0.7216764617186868,
      -2.364480876853861,
      -0.12224789923578694
    ]
  ],
  "time_taken": 182.5842101573944,
  "n_steps": 2,
  "simulation_time": 171.55018210411072
}