{
  "best_cost": 0.5508000000000016,
  "best_params": [
    -1.5008746331297875,
    1.9537572131281307,
    2.379015442358133,
    -2.401229455570911,
    -3.1156556871529464,
    1.9595000777782294,
    0.5546254627677851,
    -1.0619138113046245,
    -1.0448318546213682,
    -1.8828221250995523,
    1.9038932059313725,
    -2.926080259938811,
    0.135802560543409,
    0.11404332388447846,
    2.647091663659258,
    -1.368920222860585,
    -2.088674043462918,
    -2.157783121846495,
    -0.49071593485621934,
    -0.6339097877677622,
    -0.6967607171134742,
    2.7042318471116724,
    -2.8035979527985004,
    -1.5720929762692075,
    -2.5055917644594654,
    -2.688501746020072,
    2.1072863119472975,
    -0.8809118845982415,
    3.0212804322506326,
    -1.5345693776816527,
    2.557376169654421,
    2.4631147415624435,
    -0.06461863406237267,
    0.23837814693305193,
    1.1170033021813026,
    -2.422573157718557,
    -3.0997438244153095,
    0.566569609521359,
    2.8229172633421484,
    -0.6278728901794985,
    -0.6679085484358378,
    2.084244366098676,
    -1.4819753142456293,
    -0.4795083108556133,
    -3.100977536391476,
    3.043890142738719,
    1.0174482159280824,
    -2.975224916303656,
    3.076743147422347,
    0.7485979375227667,
    2.156303910577675,
    -0.44857530997579964,
    1.53118401743356,
    -2.674901385129677,
    0.5115229814636684,
    -2.0482236746127596
  ],
  "opt_path": [
    0.556800000000001,
    0.5508000000000016
  ],
  "params_path": [
    [
      -0.5008746331297875,
      1.9537572131281307,
      2.379015442358133,
      -2.401229455570911,
      -3.1156556871529464,
      1.9595000777782294,
      0.5546254627677851,
      -1.0619138113046245,
      -1.0448318546213682,
      -1.8828221250995523,
      1.9038932059313725,
      -2.926080259938811,
      0.135802560543409,
      0.11404332388447846,
      2.647091663659258,
      -1.368920222860585,
      -2.088674043462918,
      -2.157783121846495,
      -0.49071593485621934,
      -0.6339097877677622,
      -0.6967607171134742,
      2.7042318471116724,
      -2.8035979527985004,
      -1.5720929762692075,
      -2.5055917644594654,
      -2.688501746020072,
      2.1072863119472975,
      -0.8809118845982415,
      3.0212804322506326,
      -1.5345693776816527,
      2.557376169654421,
      2.4631147415624435,
      -0.06461863406237267,
      0.23837814693305193,
      1.1170033021813026,
      -2.422573157718557,
      -3.0997438244153095,
      0.566569609521359,
      2.8229172633421484,
      -0.6278728901794985,
      -0.6679085484358378,
      2.084244366098676,
      -1.4819753142456293,
      -0.4795083108556133,
      -3.100977536391476,
      3.043890142738719,
      1.0174482159280824,
      -2.975224916303656,
      3.076743147422347,
      0.7485979375227667,
      2.156303910577675,
      -0.44857530997579964,
      1.53118401743356,
      -2.674901385129677,
      0.5115229814636684,
      -2.0482236746127596
    ],
    [
      -1.5008746331297875,
      1.9537572131281307,
      2.379015442358133,
      -2.401229455570911,
      -3.1156556871529464,
      1.9595000777782294,
      0.5546254627677851,
      -1.0619138113046245,
      -1.0448318546213682,
      -1.8828221250995523,
      1.9038932059313725,
      -2.926080259938811,
      0.135802560543409,
      0.11404332388447846,
      2.647091663659258,
      -1.368920222860585,
      -2.088674043462918,
      -2.157783121846495,
      -0.49071593485621934,
      -0.6339097877677622,
      -0.6967607171134742,
      2.7042318471116724,
      -2.8035979527985004,
      -1.5720929762692075,
      -2.5055917644594654,
      -2.688501746020072,
      2.1072863119472975,
      -0.8809118845982415,
      3.0212804322506326,
      -1.5345693776816527,
      2.557376169654421,
      2.4631147415624435,
      -0.06461863406237267,
      0.23837814693305193,
      1.1170033021813026,
      -2.422573157718557,
      -3.0997438244153095,
      0.566569609521359,
      2.8229172633421484,
      -0.6278728901794985,
      -0.6679085484358378,
      2.084244366098676,
      -1.4819753142456293,
      -0.4795083108556133,
      -3.100977536391476,
      3.043890142738719,
      1.0174482159280824,
      -2.975224916303656,
      3.076743147422347,
      0.7485979375227667,
      2.156303910577675,
      -0.44857530997579964,
      1.53118401743356,
      -2.674901385129677,
      0.5115229814636684,
      -2.0482236746127596
    ]
  ],
  "time_taken": 1864.043933391571,
  "n_steps": 2,
  "simulation_time": 1810.1965863704681
}