{
  "best_cost": -0.16719999999991675,
  "best_params": [
    2.123064196310236,
    -0.8027878067544365,
    2.786245785247254,
    1.1838715989441368,
    2.946568080559059,
    -2.7819574707403993,
    -0.5364129959406538,
    -2.9734417927245396,
    1.2200836899655778,
    -0.26915541783676655,
    2.5222985368163418,
    -0.49148967700653534,
    -2.60606560175761,
    -0.10854304058238018,
    1.3116704880621848,
    -2.2499936771920734,
    -0.2850026578068814,
    -1.229308647969983,
    -2.8369140436602565,
    -0.37746179129817126,
    1.86112970365006,
    2.237961857368976,
    -2.793038420596421,
    1.3665129924983903,
    0.25045888884937195,
    -1.9194416915221628,
    2.5601648620627824,
    1.1417650899273077,
    -0.4402406908152283,
    -1.949043839801367,
    0.2614723596891295,
    -2.352329841330076,
    2.915983848595678,
    1.4080792736270498,
    0.2145646497598248,
    1.4356066103112841,
    -3.10671386725769,
    -0.8116526166105715,
    -1.1900285868574727,
    1.5177651491824236,
    1.849752530814845,
    -0.920156602345803,
    -2.612169858564057,
    0.034080531799456804,
    -0.9086702044171364,
    1.080394849511574,
    2.3900123518639935,
    0.1134005899369166,
    -1.0509292281953413,
    0.9719215979251485,
    1.7423421183972412,
    0.6093941832062897,
    -1.9316242268938404,
    -2.6231417854272308,
    -2.8108460522024474,
    2.681955703618663,
    -2.9214959466172177,
    2.11609105662341,
    -1.0713441596423543,
    2.5613533365842596
  ],
  "opt_path": [
    -0.18119999999992048,
    -0.16719999999991675
  ],
  "params_path": [
    [
      3.123064196310236,
      -0.8027878067544365,
      2.786245785247254,
      1.1838715989441368,
      2.946568080559059,
      -2.7819574707403993,
      -0.5364129959406538,
      -2.9734417927245396,
      1.2200836899655778,
      -0.26915541783676655,
      2.5222985368163418,
      -0.49148967700653534,
      -2.60606560175761,
      -0.10854304058238018,
      1.3116704880621848,
      -2.2499936771920734,
      -0.2850026578068814,
      -1.229308647969983,
      -2.8369140436602565,
      -0.37746179129817126,
      1.86112970365006,
      2.237961857368976,
      -2.793038420596421,
      1.3665129924983903,
      0.25045888884937195,
      -1.9194416915221628,
      2.5601648620627824,
      1.1417650899273077,
      -0.4402406908152283,
      -1.949043839801367,
      0.2614723596891295,
      -2.352329841330076,
      2.915983848595678,
      1.4080792736270498,
      0.2145646497598248,
      1.4356066103112841,
      -3.10671386725769,
      -0.8116526166105715,
      -1.1900285868574727,
      1.5177651491824236,
      1.849752530814845,
      -0.920156602345803,
      -2.612169858564057,
      0.034080531799456804,
      -0.9086702044171364,
      1.080394849511574,
      2.3900123518639935,
      0.1134005899369166,
      -1.0509292281953413,
      0.9719215979251485,
      1.7423421183972412,
      0.6093941832062897,
      -1.9316242268938404,
      -2.6231417854272308,
      -2.8108460522024474,
      2.681955703618663,
      -2.9214959466172177,
      2.11609105662341,
      -1.0713441596423543,
      2.5613533365842596
    ],
    [
      2.123064196310236,
      -0.8027878067544365,
      2.786245785247254,
      1.1838715989441368,
      2.946568080559059,
      -2.7819574707403993,
      -0.5364129959406538,
      -2.9734417927245396,
      1.2200836899655778,
      -0.26915541783676655,
      2.5222985368163418,
      -0.49148967700653534,
      -2.60606560175761,
      -0.10854304058238018,
      1.3116704880621848,
      -2.2499936771920734,
      -0.2850026578068814,
      -1.229308647969983,
      -2.8369140436602565,
      -0.37746179129817126,
      1.86112970365006,
      2.237961857368976,
      -2.793038420596421,
      1.3665129924983903,
      0.25045888884937195,
      -1.9194416915221628,
      2.5601648620627824,
      1.1417650899273077,
      -0.4402406908152283,
      -1.949043839801367,
      0.2614723596891295,
      -2.352329841330076,
      2.915983848595678,
      1.4080792736270498,
      0.2145646497598248,
      1.4356066103112841,
      -3.10671386725769,
      -0.8116526166105715,
      -1.1900285868574727,
      1.5177651491824236,
      1.849752530814845,
      -0.920156602345803,
      -2.612169858564057,
      0.034080531799456804,
      -0.9086702044171364,
      1.080394849511574,
      2.3900123518639935,
      0.1134005899369166,
      -1.0509292281953413,
      0.9719215979251485,
      1.7423421183972412,
      0.6093941832062897,
      -1.9316242268938404,
      -2.6231417854272308,
      -2.8108460522024474,
      2.681955703618663,
      -2.9214959466172177,
      2.11609105662341,
      -1.0713441596423543,
      2.5613533365842596
    ]
  ],
  "time_taken": 1056.469727754593,
  "n_steps": 2,
  "simulation_time": 986.5299391746521
}