{
  "best_cost": -0.7636000000000004,
  "best_params": [
    1.2322350928846437,
    -0.06970748241058683,
    0.7361107739678703,
    3.0935911482740437,
    2.3485387538955727,
    0.7419681743670123,
    -1.6481024224010583,
    1.5722955814589372,
    -1.8993348184046246,
    -1.1995172285085711,
    -2.37496444736387,
    -2.698776160631645,
    -0.5734670500470933,
    -1.980264925466502,
    3.09215503589591,
    2.2888743246592664,
    1.9221212237520866,
    -2.6740165597875527,
    2.795597711826055,
    0.40034155282825795,
    0.07160756057662926,
    -2.5159737841604843,
    -0.5170511478580748,
    0.7219502409137804,
    0.5459701302940875,
    0.02160856341233292,
    2.4958639247996874,
    -2.9086343647491613,
    0.7457741043585588,
    1.119255385361413,
    2.3747319764382397,
    -0.06868652911746195,
    0.9362251090196301,
    -1.1056816111419365,
    -0.5983542597438225,
    0.04930791244983134,
    1.5839663352615945,
    2.285732928765984,
    0.2923131368111045,
    -1.0448187569741711
  ],
  "opt_path": [
    -0.7723999999999991
  ],
  "params_path": [
    [
      1.2322350928846437,
      -0.06970748241058683,
      0.7361107739678703,
      3.0935911482740437,
      2.3485387538955727,
      0.7419681743670123,
      -1.6481024224010583,
      1.5722955814589372,
      -1.8993348184046246,
      -1.1995172285085711,
      -2.37496444736387,
      -2.698776160631645,
      -0.5734670500470933,
      -1.980264925466502,
      3.09215503589591,
      2.2888743246592664,
      1.9221212237520866,
      -2.6740165597875527,
      2.795597711826055,
      0.40034155282825795,
      0.07160756057662926,
      -2.5159737841604843,
      -0.5170511478580748,
      0.7219502409137804,
      0.5459701302940875,
      0.02160856341233292,
      2.4958639247996874,
      -2.9086343647491613,
      0.7457741043585588,
      1.119255385361413,
      2.3747319764382397,
      -0.06868652911746195,
      0.9362251090196301,
      -1.1056816111419365,
      -0.5983542597438225,
      0.04930791244983134,
      1.5839663352615945,
      2.285732928765984,
      0.2923131368111045,
      -1.0448187569741711
    ]
  ],
  "time_taken": 105.2270736694336,
  "n_steps": 1,
  "simulation_time": 56.52829933166504
}