{
  "best_cost": -0.9775999999999996,
  "best_params": [
    2.9993809605289026,
    -0.14727767138811257,
    -0.9226501471275396,
    1.4266236177978264,
    -2.117196257818844,
    -2.9387143428565325,
    -2.5829708245073633,
    -2.3090072537240203,
    0.796852449515538,
    -1.8495019154581835,
    3.097487271792544,
    -0.49117051216314145,
    0.3460234827108947,
    -0.8113002171540215,
    -1.8541823335858911,
    2.6445263231788663,
    1.6026372250819383,
    0.21006849924569976,
    0.16978892673607843,
    1.8162706361363339
  ],
  "opt_path": [
    -1.0019999999999998
  ],
  "params_path": [
    [
      2.9993809605289026,
      -0.14727767138811257,
      -0.9226501471275396,
      1.4266236177978264,
      -2.117196257818844,
      -2.9387143428565325,
      -2.5829708245073633,
      -2.3090072537240203,
      0.796852449515538,
      -1.8495019154581835,
      3.097487271792544,
      -0.49117051216314145,
      0.3460234827108947,
      -0.8113002171540215,
      -1.8541823335858911,
      2.6445263231788663,
      1.6026372250819383,
      0.21006849924569976,
      0.16978892673607843,
      1.8162706361363339
    ]
  ],
  "time_taken": 2.062159299850464,
  "n_steps": 1,
  "simulation_time": 2.0474796295166016
}