{
  "best_cost": -1.1564,
  "best_params": [
    0.604015046557317,
    1.605251742708667,
    0.03892006432388996,
    -0.4316493649391902,
    -0.42534393397617376,
    0.20740203005816507,
    -0.8624493266510828,
    2.481752898604788,
    2.5781009527480143,
    -0.6493471864886096,
    0.43125632675471853,
    -2.601360731304652,
    -0.2889107813100024,
    -0.4049735731685215,
    -0.9968595331065461,
    -1.3384763944641724
  ],
  "opt_path": [
    -1.1564
  ],
  "params_path": [
    [
      0.604015046557317,
      1.605251742708667,
      0.03892006432388996,
      -0.4316493649391902,
      -0.42534393397617376,
      0.20740203005816507,
      -0.8624493266510828,
      2.481752898604788,
      2.5781009527480143,
      -0.6493471864886096,
      0.43125632675471853,
      -2.601360731304652,
      -0.2889107813100024,
      -0.4049735731685215,
      -0.9968595331065461,
      -1.3384763944641724
    ]
  ],
  "time_taken": 2.2614850997924805,
  "n_steps": 1,
  "simulation_time": 2.042178153991699
}