{
  "best_cost": -1.204799999999987,
  "best_params": [
    1.2259775793255316,
    -0.6971530445857944,
    0.28307902983751604,
    -0.9148868704421573,
    -1.0842427817155753,
    2.1163755565834115,
    2.718449445968652,
    0.9149993083438961,
    -0.3921350758254943,
    2.7735778271530376,
    0.025889532743132677,
    -2.135922733057776,
    -0.3692756465949733,
    -2.415492205769666,
    -1.79000603980382,
    0.09712257630768245,
    -2.337792120397774,
    -0.7409857556278554,
    -1.4267640947680205,
    1.531606974191661,
    -1.0950622055242167,
    -2.888849401037103,
    1.9127434868342423,
    1.9362172940878508,
    1.9889122490359827,
    -2.5047060651539264,
    0.5914899688562036,
    2.2737777094859886,
    -2.8783803279395337,
    2.389952512231955,
    -0.013424012899505478,
    1.4561264608730098,
    -0.20832055954622514,
    0.7335325186324354,
    0.08417716049095167,
    -0.6893303617817362,
    2.87094207686826,
    -0.14381350786032396,
    2.713633084903375,
    -0.005772452691223317,
    -1.2492604546748687,
    -1.6119380973556243,
    2.514868949825148,
    -1.1735475345222193,
    2.601679289014968,
    0.09787697555454045,
    2.5323522793914783,
    2.2915453631353073,
    2.7650019792389213,
    -3.1217988463788693,
    -1.0019562635239225,
    -0.9595266228382329,
    -2.7205509144800044,
    0.7980051211728671,
    -2.7598175846940913,
    -0.2738521523058322,
    -1.1355120747076641,
    1.6377616302680569,
    -1.8944922454421929,
    1.8571053385645608,
    -1.8827944975236084,
    -1.4110093422440706,
    1.4874165938197974,
    -0.8483582028948184
  ],
  "opt_path": [
    -1.204799999999987
  ],
  "params_path": [
    [
      1.2259775793255316,
      -0.6971530445857944,
      0.28307902983751604,
      -0.9148868704421573,
      -1.0842427817155753,
      2.1163755565834115,
      2.718449445968652,
      0.9149993083438961,
      -0.3921350758254943,
      2.7735778271530376,
      0.025889532743132677,
      -2.135922733057776,
      -0.3692756465949733,
      -2.415492205769666,
      -1.79000603980382,
      0.09712257630768245,
      -2.337792120397774,
      -0.7409857556278554,
      -1.4267640947680205,
      1.531606974191661,
      -1.0950622055242167,
      -2.888849401037103,
      1.9127434868342423,
      1.9362172940878508,
      1.9889122490359827,
      -2.5047060651539264,
      0.5914899688562036,
      2.2737777094859886,
      -2.8783803279395337,
      2.389952512231955,
      -0.013424012899505478,
      1.4561264608730098,
      -0.20832055954622514,
      0.7335325186324354,
      0.08417716049095167,
      -0.6893303617817362,
      2.87094207686826,
      -0.14381350786032396,
      2.713633084903375,
      -0.005772452691223317,
      -1.2492604546748687,
      -1.6119380973556243,
      2.514868949825148,
      -1.1735475345222193,
      2.601679289014968,
      0.09787697555454045,
      2.5323522793914783,
      2.2915453631353073,
      2.7650019792389213,
      -3.1217988463788693,
      -1.0019562635239225,
      -0.9595266228382329,
      -2.7205509144800044,
      0.7980051211728671,
      -2.7598175846940913,
      -0.2738521523058322,
      -1.1355120747076641,
      1.6377616302680569,
      -1.8944922454421929,
      1.8571053385645608,
      -1.8827944975236084,
      -1.4110093422440706,
      1.4874165938197974,
      -0.8483582028948184
    ]
  ],
  "time_taken": 3272.1383209228516,
  "n_steps": 1,
  "simulation_time": 2187.609974384308
}