{
  "best_cost": -0.5516000000000001,
  "best_params": [
    3.1299539879329172,
    -0.1484391522612132,
    -0.4215633217318616,
    -0.11211564110329486,
    -0.9747989292407373,
    -0.03817958601261257,
    -0.48826827129481803,
    -1.9783132901882525,
    -2.2081492191355685,
    -1.126665903469104,
    1.5436655291125758,
    -2.868380087963703
  ],
  "opt_path": [
    -0.5464000000000001
  ],
  "params_path": [
    [
      3.1299539879329172,
      -0.1484391522612132,
      -0.4215633217318616,
      -0.11211564110329486,
      -0.9747989292407373,
      -0.03817958601261257,
      -0.48826827129481803,
      -1.9783132901882525,
      -2.2081492191355685,
      -1.126665903469104,
      1.5436655291125758,
      -2.868380087963703
    ]
  ],
  "time_taken": 3.8762831687927246,
  "n_steps": 1,
  "simulation_time": 3.770611047744751
}