{
  "best_cost": -1.450799999999993,
  "best_params": [
    -0.8160855384630902,
    0.5814711555113523,
    1.7375867047381424,
    1.7687798950487954,
    -2.4338398569009922,
    1.336825954928393,
    -1.4306911660972665,
    1.485270854212682,
    0.14682135347424405,
    -0.017904950551728697,
    2.2977043083597,
    -1.8910036156618801,
    2.1067273024252327,
    -1.745792353159638,
    2.8247854483563533,
    1.2152487591378631,
    -2.9494353964399034,
    -1.8766955306891184,
    -1.048866576172563,
    -0.4581946702105134,
    -0.5799927199073838,
    -1.0647725589335202,
    0.6200973877593777,
    0.9337430040771377,
    0.7756756994052101,
    1.4524329402948128,
    -0.4322224319441972,
    2.952688735044084,
    0.8134545057379151,
    -0.15962303999372288,
    -0.8601862066457554,
    0.5705029138681895,
    -0.8946746646086523,
    -1.922030472842952,
    3.090071183916458,
    0.09091841117287516,
    2.2200522291159266,
    2.362827227013586,
    1.3167661169654274,
    -2.033953905025038,
    2.0066550847611113,
    -0.5878439233588733,
    1.9598965333980656,
    -1.59102998508429,
    -2.173975865445734,
    1.7623863299587021,
    -1.4590333732467125,
    -2.4314326870571596,
    0.27598505350291475,
    0.17477713036114528,
    3.103878130071135,
    -0.8773005556591843,
    -0.3848026171869818,
    -1.501420184701669,
    1.0285608672799096,
    -2.0565262806543116
  ],
  "opt_path": [
    -1.3295999999999972
  ],
  "params_path": [
    [
      -0.8160855384630902,
      0.5814711555113523,
      1.7375867047381424,
      1.7687798950487954,
      -2.4338398569009922,
      1.336825954928393,
      -1.4306911660972665,
      1.485270854212682,
      0.14682135347424405,
      -0.017904950551728697,
      2.2977043083597,
      -1.8910036156618801,
      2.1067273024252327,
      -1.745792353159638,
      2.8247854483563533,
      1.2152487591378631,
      -2.9494353964399034,
      -1.8766955306891184,
      -1.048866576172563,
      -0.4581946702105134,
      -0.5799927199073838,
      -1.0647725589335202,
      0.6200973877593777,
      0.9337430040771377,
      0.7756756994052101,
      1.4524329402948128,
      -0.4322224319441972,
      2.952688735044084,
      0.8134545057379151,
      -0.15962303999372288,
      -0.8601862066457554,
      0.5705029138681895,
      -0.8946746646086523,
      -1.922030472842952,
      3.090071183916458,
      0.09091841117287516,
      2.2200522291159266,
      2.362827227013586,
      1.3167661169654274,
      -2.033953905025038,
      2.0066550847611113,
      -0.5878439233588733,
      1.9598965333980656,
      -1.59102998508429,
      -2.173975865445734,
      1.7623863299587021,
      -1.4590333732467125,
      -2.4314326870571596,
      0.27598505350291475,
      0.17477713036114528,
      3.103878130071135,
      -0.8773005556591843,
      -0.3848026171869818,
      -1.501420184701669,
      1.0285608672799096,
      -2.0565262806543116
    ]
  ],
  "time_taken": 1826.0928606987,
  "n_steps": 1,
  "simulation_time": 1221.656082868576
}