{
  "num_qpus": 24,
  "total_time": 4842.139315605164,
  "mean_simulation_time": 4707.5681829022915,
  "maximum_simulation_time": 4841.795895369,
  "overhead": 0.3434202361631833,
  "qubits": 12,
  "fidelity": 0.00022560000000000012
}