{
  "num_qpus": 25,
  "total_time": 4604.010312080383,
  "mean_simulation_time": 4519.534653663801,
  "maximum_simulation_time": 4603.642247124,
  "overhead": 0.36806495638302295,
  "qubits": 12,
  "fidelity": 0.00022750000000000005
}