{
  "num_qpus": 23,
  "total_time": 5090.018538236618,
  "mean_simulation_time": 4919.055298141479,
  "maximum_simulation_time": 5089.690502379,
  "overhead": 0.3280358576184881,
  "qubits": 12,
  "fidelity": 0.00022539999999999992
}