{
  "num_qpus": 10,
  "total_time": 11275.945812225342,
  "mean_simulation_time": 11245.163151230101,
  "maximum_simulation_time": 11275.612948896,
  "overhead": 101175.68570007567,
  "qubits": 12,
  "fidelity": 0.00024299999999999997
}