{
  "num_qpus": 21,
  "total_time": 5502.109972715378,
  "mean_simulation_time": 5367.971467688667,
  "maximum_simulation_time": 5501.754868325,
  "overhead": 0.35510439037807373,
  "qubits": 12,
  "fidelity": 0.00022679999999999996
}