{
  "num_qpus": 2,
  "total_time": 2.169412851333618,
  "mean_simulation_time": 0.540592996,
  "maximum_simulation_time": 0.541852585,
  "overhead": 1.0882268593336182,
  "qubits": 16,
  "fidelity": 1.0
}