{
  "best_cost": -0.41080000000000005,
  "best_params": [
    2.827258128692395,
    -1.7121466968943153,
    1.4651909296110164,
    2.3244954644206226,
    2.45928785509492,
    -2.9712844195845856,
    1.4836574736620562,
    1.8200255821760774,
    0.3470235943482036,
    1.6355707083059823,
    1.3970079061599057,
    0.05514786710360298,
    2.3288690258308993,
    -0.37280710427417985,
    -0.2258256462016881,
    0.11177771019613614,
    -3.0161740767224376,
    2.5681711262576856,
    0.4226935200095081,
    -1.7326201336865787,
    -0.8957947833076099,
    1.304622817455857,
    0.43155761061132303,
    -1.0176530215887891,
    -2.16720123933528,
    0.6551883967271945,
    -2.3549202631283075,
    0.6143421094782671,
    2.4983912874951937,
    0.7655475613983493,
    1.5043761897362806,
    -0.24824360617846786
  ],
  "opt_path": [
    -0.538,
    -0.5111999999999999
  ],
  "params_path": [
    [
      3.827258128692395,
      -1.7121466968943153,
      1.4651909296110164,
      2.3244954644206226,
      2.45928785509492,
      -2.9712844195845856,
      1.4836574736620562,
      1.8200255821760774,
      0.3470235943482036,
      1.6355707083059823,
      1.3970079061599057,
      0.05514786710360298,
      2.3288690258308993,
      -0.37280710427417985,
      -0.2258256462016881,
      0.11177771019613614,
      -3.0161740767224376,
      2.5681711262576856,
      0.4226935200095081,
      -1.7326201336865787,
      -0.8957947833076099,
      1.304622817455857,
      0.43155761061132303,
      -1.0176530215887891,
      -2.16720123933528,
      0.6551883967271945,
      -2.3549202631283075,
      0.6143421094782671,
      2.4983912874951937,
      0.7655475613983493,
      1.5043761897362806,
      -0.24824360617846786
    ],
    [
      2.827258128692395,
      -1.7121466968943153,
      1.4651909296110164,
      2.3244954644206226,
      2.45928785509492,
      -2.9712844195845856,
      1.4836574736620562,
      1.8200255821760774,
      0.3470235943482036,
      1.6355707083059823,
      1.3970079061599057,
      0.05514786710360298,
      2.3288690258308993,
      -0.37280710427417985,
      -0.2258256462016881,
      0.11177771019613614,
      -3.0161740767224376,
      2.5681711262576856,
      0.4226935200095081,
      -1.7326201336865787,
      -0.8957947833076099,
      1.304622817455857,
      0.43155761061132303,
      -1.0176530215887891,
      -2.16720123933528,
      0.6551883967271945,
      -2.3549202631283075,
      0.6143421094782671,
      2.4983912874951937,
      0.7655475613983493,
      1.5043761897362806,
      -0.24824360617846786
    ]
  ],
  "time_taken": 62.24710273742676,
  "n_steps": 2,
  "simulation_time": 61.04143762588501
}