{
  "best_cost": -0.5608,
  "best_params": [
    2.4991174224436,
    -2.1910038053835614,
    0.8863444795108011,
    2.0129467175854963,
    1.323065678023422,
    -1.400170546188951,
    2.017567360948542,
    -0.26871476996734867
  ],
  "opt_path": [
    -0.10279999999999989,
    -0.5592000000000001
  ],
  "params_path": [
    [
      3.4991174224436,
      -2.1910038053835614,
      0.8863444795108011,
      2.0129467175854963,
      1.323065678023422,
      -1.400170546188951,
      2.017567360948542,
      -0.26871476996734867
    ],
    [
      2.4991174224436,
      -2.1910038053835614,
      0.8863444795108011,
      2.0129467175854963,
      1.323065678023422,
      -1.400170546188951,
      2.017567360948542,
      -0.26871476996734867
    ]
  ],
  "time_taken": 3.7777087688446045,
  "n_steps": 2,
  "simulation_time": 3.753772497177124
}