{
  "best_cost": -0.15120000000000014,
  "best_params": [
    3.0756189121369264,
    -0.9554042065665218,
    -2.986204682161703,
    2.2548411288991552,
    3.1106243772148297,
    -1.5520728858524038,
    0.6129304187691473,
    -2.9551129722345975,
    2.912996982634165,
    1.7973205596204522,
    1.9085491726401358,
    -2.7911803463062435,
    0.6349863988858524,
    2.1012649812856745,
    -3.0410017354655317,
    2.1343044730226817,
    1.1885100184230382,
    -0.7013740630295433,
    -2.496952053414533,
    -1.9331453727179668,
    1.916637911295438,
    0.19316352744911613,
    0.7331217511623458,
    2.1579853290465705,
    1.825479907099906,
    -0.23926190449689688,
    2.8123407340668285,
    1.2553387472314483,
    0.41079761509587387,
    1.8746735904297838,
    -2.668394418942519,
    2.594492970052504,
    -0.8931210641841454,
    1.084334161387309,
    0.1717745349187929,
    -2.950360262234361,
    -1.6874146130592333,
    2.0246360244892063,
    -0.19569439344865946,
    -0.9434204307149607
  ],
  "opt_path": [
    -0.20679999999999998,
    -0.17080000000000012
  ],
  "params_path": [
    [
      4.075618912136926,
      -0.9554042065665218,
      -2.986204682161703,
      2.2548411288991552,
      3.1106243772148297,
      -1.5520728858524038,
      0.6129304187691473,
      -2.9551129722345975,
      2.912996982634165,
      1.7973205596204522,
      1.9085491726401358,
      -2.7911803463062435,
      0.6349863988858524,
      2.1012649812856745,
      -3.0410017354655317,
      2.1343044730226817,
      1.1885100184230382,
      -0.7013740630295433,
      -2.496952053414533,
      -1.9331453727179668,
      1.916637911295438,
      0.19316352744911613,
      0.7331217511623458,
      2.1579853290465705,
      1.825479907099906,
      -0.23926190449689688,
      2.8123407340668285,
      1.2553387472314483,
      0.41079761509587387,
      1.8746735904297838,
      -2.668394418942519,
      2.594492970052504,
      -0.8931210641841454,
      1.084334161387309,
      0.1717745349187929,
      -2.950360262234361,
      -1.6874146130592333,
      2.0246360244892063,
      -0.19569439344865946,
      -0.9434204307149607
    ],
    [
      3.0756189121369264,
      -0.9554042065665218,
      -2.986204682161703,
      2.2548411288991552,
      3.1106243772148297,
      -1.5520728858524038,
      0.6129304187691473,
      -2.9551129722345975,
      2.912996982634165,
      1.7973205596204522,
      1.9085491726401358,
      -2.7911803463062435,
      0.6349863988858524,
      2.1012649812856745,
      -3.0410017354655317,
      2.1343044730226817,
      1.1885100184230382,
      -0.7013740630295433,
      -2.496952053414533,
      -1.9331453727179668,
      1.916637911295438,
      0.19316352744911613,
      0.7331217511623458,
      2.1579853290465705,
      1.825479907099906,
      -0.23926190449689688,
      2.8123407340668285,
      1.2553387472314483,
      0.41079761509587387,
      1.8746735904297838,
      -2.668394418942519,
      2.594492970052504,
      -0.8931210641841454,
      1.084334161387309,
      0.1717745349187929,
      -2.950360262234361,
      -1.6874146130592333,
      2.0246360244892063,
      -0.19569439344865946,
      -0.9434204307149607
    ]
  ],
  "time_taken": 255.73743653297424,
  "n_steps": 2,
  "simulation_time": 249.48415970802307
}