{
  "best_cost": -1.1036000000000004,
  "best_params": [
    -1.7263967891831842,
    -2.1618925461702307,
    -2.557148947266289,
    0.49189986499142613,
    0.5712906207873734,
    -1.0879762244501356,
    -2.1900756778380295,
    -1.5496905107852408,
    -0.5443873130916885,
    -1.671399256811071,
    -1.0043139128837648,
    -0.32559566679778573,
    -0.9625043859253934,
    -2.985286638193836,
    -0.33287934323029944,
    -2.2166292461806822,
    -2.808577969476156,
    0.9412586187176837,
    2.5855186636168517,
    -0.12146509582348974,
    -1.1151994627229107,
    -2.8301984703932033,
    -0.14164152502491634,
    3.050727901194593,
    -0.3602125016420956,
    -3.1014420251084562,
    -1.9538438842099026,
    -0.6070698606514084,
    -1.8197809601859307,
    -2.662892168406232,
    2.4196842425762375,
    -0.2741877721696544,
    -1.6613975679862085,
    -2.2351025504407698,
    -0.8066317869232549,
    -0.9216418720051962,
    2.8211185198541244,
    -0.18114222614141973,
    0.11162711137645065,
    0.8139045182045228,
    -2.545123200311821,
    -1.1407531543718323,
    1.3204192181038747,
    1.453054707692493,
    -2.8733382734069286,
    0.02944760820501857,
    1.8827325790830942,
    -0.6298855337524887,
    -2.3153463285955294,
    1.0194987829191318,
    -0.4311236551165276,
    1.2825566132986808,
    0.07042239618384594,
    -1.918187683752924,
    0.6613564213434224,
    2.908375328983767
  ],
  "opt_path": [
    -1.0336000000000012,
    -0.9860000000000004
  ],
  "params_path": [
    [
      -0.7263967891831842,
      -2.1618925461702307,
      -2.557148947266289,
      0.49189986499142613,
      0.5712906207873734,
      -1.0879762244501356,
      -2.1900756778380295,
      -1.5496905107852408,
      -0.5443873130916885,
      -1.671399256811071,
      -1.0043139128837648,
      -0.32559566679778573,
      -0.9625043859253934,
      -2.985286638193836,
      -0.33287934323029944,
      -2.2166292461806822,
      -2.808577969476156,
      0.9412586187176837,
      2.5855186636168517,
      -0.12146509582348974,
      -1.1151994627229107,
      -2.8301984703932033,
      -0.14164152502491634,
      3.050727901194593,
      -0.3602125016420956,
      -3.1014420251084562,
      -1.9538438842099026,
      -0.6070698606514084,
      -1.8197809601859307,
      -2.662892168406232,
      2.4196842425762375,
      -0.2741877721696544,
      -1.6613975679862085,
      -2.2351025504407698,
      -0.8066317869232549,
      -0.9216418720051962,
      2.8211185198541244,
      -0.18114222614141973,
      0.11162711137645065,
      0.8139045182045228,
      -2.545123200311821,
      -1.1407531543718323,
      1.3204192181038747,
      1.453054707692493,
      -2.8733382734069286,
      0.02944760820501857,
      1.8827325790830942,
      -0.6298855337524887,
      -2.3153463285955294,
      1.0194987829191318,
      -0.4311236551165276,
      1.2825566132986808,
      0.07042239618384594,
      -1.918187683752924,
      0.6613564213434224,
      2.908375328983767
    ],
    [
      -1.7263967891831842,
      -2.1618925461702307,
      -2.557148947266289,
      0.49189986499142613,
      0.5712906207873734,
      -1.0879762244501356,
      -2.1900756778380295,
      -1.5496905107852408,
      -0.5443873130916885,
      -1.671399256811071,
      -1.0043139128837648,
      -0.32559566679778573,
      -0.9625043859253934,
      -2.985286638193836,
      -0.33287934323029944,
      -2.2166292461806822,
      -2.808577969476156,
      0.9412586187176837,
      2.5855186636168517,
      -0.12146509582348974,
      -1.1151994627229107,
      -2.8301984703932033,
      -0.14164152502491634,
      3.050727901194593,
      -0.3602125016420956,
      -3.1014420251084562,
      -1.9538438842099026,
      -0.6070698606514084,
      -1.8197809601859307,
      -2.662892168406232,
      2.4196842425762375,
      -0.2741877721696544,
      -1.6613975679862085,
      -2.2351025504407698,
      -0.8066317869232549,
      -0.9216418720051962,
      2.8211185198541244,
      -0.18114222614141973,
      0.11162711137645065,
      0.8139045182045228,
      -2.545123200311821,
      -1.1407531543718323,
      1.3204192181038747,
      1.453054707692493,
      -2.8733382734069286,
      0.02944760820501857,
      1.8827325790830942,
      -0.6298855337524887,
      -2.3153463285955294,
      1.0194987829191318,
      -0.4311236551165276,
      1.2825566132986808,
      0.07042239618384594,
      -1.918187683752924,
      0.6613564213434224,
      2.908375328983767
    ]
  ],
  "time_taken": 5561.79945397377,
  "n_steps": 2,
  "simulation_time": 5501.318557500839
}