{
  "best_cost": -0.21679999999999947,
  "best_params": [
    -0.6856368227870258,
    -0.6321498729866701,
    0.8478723020137053,
    -0.5091762701291933,
    0.11744144807194035,
    -0.7180540078331332,
    1.3237907371279816,
    -0.3685361467707242,
    -2.3216539141227144,
    -1.0780980978087467,
    1.4151058125942342,
    1.0670222213717109,
    -0.030923000686243984,
    -2.4689567702156494,
    2.78882286984925,
    -1.098836707680721,
    -1.5680019762718633,
    -1.8834705260896722,
    0.6503979374037892,
    -0.5792139068659288,
    -1.2185482575985396,
    -0.9586113458180345,
    -2.614112963908321,
    -0.9917120585152177,
    -3.0792377486059346,
    -2.0536569664589344,
    -0.7208280052755143,
    0.760417253562736,
    -0.3078056955012767,
    1.4403350146964655,
    -2.3984761207490584,
    0.1988165783012703,
    0.41661198807869937,
    1.4768967679445542,
    1.511171975702906,
    2.1206538748613832
  ],
  "opt_path": [
    -0.2819999999999997,
    -0.20719999999999975
  ],
  "params_path": [
    [
      0.31436317721297424,
      -0.6321498729866701,
      0.8478723020137053,
      -0.5091762701291933,
      0.11744144807194035,
      -0.7180540078331332,
      1.3237907371279816,
      -0.3685361467707242,
      -2.3216539141227144,
      -1.0780980978087467,
      1.4151058125942342,
      1.0670222213717109,
      -0.030923000686243984,
      -2.4689567702156494,
      2.78882286984925,
      -1.098836707680721,
      -1.5680019762718633,
      -1.8834705260896722,
      0.6503979374037892,
      -0.5792139068659288,
      -1.2185482575985396,
      -0.9586113458180345,
      -2.614112963908321,
      -0.9917120585152177,
      -3.0792377486059346,
      -2.0536569664589344,
      -0.7208280052755143,
      0.760417253562736,
      -0.3078056955012767,
      1.4403350146964655,
      -2.3984761207490584,
      0.1988165783012703,
      0.41661198807869937,
      1.4768967679445542,
      1.511171975702906,
      2.1206538748613832
    ],
    [
      -0.6856368227870258,
      -0.6321498729866701,
      0.8478723020137053,
      -0.5091762701291933,
      0.11744144807194035,
      -0.7180540078331332,
      1.3237907371279816,
      -0.3685361467707242,
      -2.3216539141227144,
      -1.0780980978087467,
      1.4151058125942342,
      1.0670222213717109,
      -0.030923000686243984,
      -2.4689567702156494,
      2.78882286984925,
      -1.098836707680721,
      -1.5680019762718633,
      -1.8834705260896722,
      0.6503979374037892,
      -0.5792139068659288,
      -1.2185482575985396,
      -0.9586113458180345,
      -2.614112963908321,
      -0.9917120585152177,
      -3.0792377486059346,
      -2.0536569664589344,
      -0.7208280052755143,
      0.760417253562736,
      -0.3078056955012767,
      1.4403350146964655,
      -2.3984761207490584,
      0.1988165783012703,
      0.41661198807869937,
      1.4768967679445542,
      1.511171975702906,
      2.1206538748613832
    ]
  ],
  "time_taken": 126.33868074417114,
  "n_steps": 2,
  "simulation_time": 123.59793376922607
}