{
  "best_cost": -0.8699999999999988,
  "best_params": [
    1.804661361901335,
    1.8691701932788103,
    2.568036588672456,
    1.459374773660734,
    -2.1007344303959514,
    -0.532802691095676,
    -2.678962223675591,
    -1.537108217944998,
    1.4664388878058405,
    -0.9458560157715152,
    1.7488372684631717,
    -1.6099939853639738,
    0.36601456915195074,
    -1.8889984723080537,
    -2.5606417862000095,
    -1.4033021880319954,
    -1.449653497776251,
    1.313488507722008,
    2.241547011534932,
    -0.9344289154885614,
    -1.5976066628566858,
    -0.30993202447155976,
    1.9281994956775321,
    -1.000997393902805,
    -0.6196023752069855,
    -1.4933742329776092,
    1.6235290060924417,
    -2.160800275039761,
    -2.7119316351925002,
    2.904057614700176,
    1.4452004786849155,
    -0.5609693902859725,
    -3.043937700778217,
    -0.13636811222987033,
    0.381725096408406,
    0.52464551914268,
    1.0680160952896562,
    -0.8649859084933684,
    -0.02889104951806054,
    -0.4110433106874294,
    1.1255823712203936,
    -1.7786018707901,
    1.2143891287562143,
    -2.531873139672208,
    0.364610615502007,
    -0.6751924211869578,
    -1.8997695313052694,
    -3.047914769500676
  ],
  "opt_path": [
    -0.7583999999999989,
    -0.8451999999999992
  ],
  "params_path": [
    [
      2.804661361901335,
      1.8691701932788103,
      2.568036588672456,
      1.459374773660734,
      -2.1007344303959514,
      -0.532802691095676,
      -2.678962223675591,
      -1.537108217944998,
      1.4664388878058405,
      -0.9458560157715152,
      1.7488372684631717,
      -1.6099939853639738,
      0.36601456915195074,
      -1.8889984723080537,
      -2.5606417862000095,
      -1.4033021880319954,
      -1.449653497776251,
      1.313488507722008,
      2.241547011534932,
      -0.9344289154885614,
      -1.5976066628566858,
      -0.30993202447155976,
      1.9281994956775321,
      -1.000997393902805,
      -0.6196023752069855,
      -1.4933742329776092,
      1.6235290060924417,
      -2.160800275039761,
      -2.7119316351925002,
      2.904057614700176,
      1.4452004786849155,
      -0.5609693902859725,
      -3.043937700778217,
      -0.13636811222987033,
      0.381725096408406,
      0.52464551914268,
      1.0680160952896562,
      -0.8649859084933684,
      -0.02889104951806054,
      -0.4110433106874294,
      1.1255823712203936,
      -1.7786018707901,
      1.2143891287562143,
      -2.531873139672208,
      0.364610615502007,
      -0.6751924211869578,
      -1.8997695313052694,
      -3.047914769500676
    ],
    [
      1.804661361901335,
      1.8691701932788103,
      2.568036588672456,
      1.459374773660734,
      -2.1007344303959514,
      -0.532802691095676,
      -2.678962223675591,
      -1.537108217944998,
      1.4664388878058405,
      -0.9458560157715152,
      1.7488372684631717,
      -1.6099939853639738,
      0.36601456915195074,
      -1.8889984723080537,
      -2.5606417862000095,
      -1.4033021880319954,
      -1.449653497776251,
      1.313488507722008,
      2.241547011534932,
      -0.9344289154885614,
      -1.5976066628566858,
      -0.30993202447155976,
      1.9281994956775321,
      -1.000997393902805,
      -0.6196023752069855,
      -1.4933742329776092,
      1.6235290060924417,
      -2.160800275039761,
      -2.7119316351925002,
      2.904057614700176,
      1.4452004786849155,
      -0.5609693902859725,
      -3.043937700778217,
      -0.13636811222987033,
      0.381725096408406,
      0.52464551914268,
      1.0680160952896562,
      -0.8649859084933684,
      -0.02889104951806054,
      -0.4110433106874294,
      1.1255823712203936,
      -1.7786018707901,
      1.2143891287562143,
      -2.531873139672208,
      0.364610615502007,
      -0.6751924211869578,
      -1.8997695313052694,
      -3.047914769500676
    ]
  ],
  "time_taken": 1186.3021006584167,
  "n_steps": 2,
  "simulation_time": 1159.7338681221008
}