{
  "best_cost": -0.6187999999999568,
  "best_params": [
    2.4922695741658867,
    1.421337096624164,
    -0.4142509231862719,
    2.6948206790845024,
    2.8598080277517797,
    -1.2984742085676046,
    1.7164572629377917,
    -1.9680254187596253,
    1.959034112363173,
    0.040820023127443594,
    -2.537807152057004,
    0.7514182648199941,
    -1.1887917183847556,
    0.7661631445555437,
    1.176474602812723,
    -0.987070724774104,
    0.9034773172750468,
    0.5370962824442684,
    0.9335214105398411,
    2.954581078969489,
    -1.194175205091747,
    -0.0729434052684419,
    -0.5600485075777604,
    0.12307732661995496,
    -0.06229082080361348,
    -3.1362954195660313,
    -0.08029955030532943,
    2.0125721903500526,
    -2.7240181843148354,
    1.0141827479223355,
    -1.9952105695690867,
    -0.7176652106334367,
    1.4976237184237409,
    2.347410567207368,
    -1.5648920835594835,
    -1.0574954604983748,
    0.27678270138263805,
    3.0047575365332513,
    1.531454068403673,
    -1.2059225943454246,
    -2.651688576964355,
    -2.4092561815825784,
    -2.1616515414582684,
    0.6960797576368143,
    1.1397847166206896,
    1.0629115852013236,
    -1.171957329056502,
    -1.486879745562695,
    -0.6335907402264471,
    1.6142118577923945,
    0.5151613294082327,
    2.7354433241267033,
    2.2427505112296906,
    2.0115027889792154,
    -1.277565264517571,
    1.5479578277879114,
    -0.5277805027366198,
    0.902825882444418,
    -3.121747106104246,
    -2.0664090442407073
  ],
  "opt_path": [
    -0.7963999999999666,
    -0.5691999999999571
  ],
  "params_path": [
    [
      3.4922695741658867,
      1.421337096624164,
      -0.4142509231862719,
      2.6948206790845024,
      2.8598080277517797,
      -1.2984742085676046,
      1.7164572629377917,
      -1.9680254187596253,
      1.959034112363173,
      0.040820023127443594,
      -2.537807152057004,
      0.7514182648199941,
      -1.1887917183847556,
      0.7661631445555437,
      1.176474602812723,
      -0.987070724774104,
      0.9034773172750468,
      0.5370962824442684,
      0.9335214105398411,
      2.954581078969489,
      -1.194175205091747,
      -0.0729434052684419,
      -0.5600485075777604,
      0.12307732661995496,
      -0.06229082080361348,
      -3.1362954195660313,
      -0.08029955030532943,
      2.0125721903500526,
      -2.7240181843148354,
      1.0141827479223355,
      -1.9952105695690867,
      -0.7176652106334367,
      1.4976237184237409,
      2.347410567207368,
      -1.5648920835594835,
      -1.0574954604983748,
      0.27678270138263805,
      3.0047575365332513,
      1.531454068403673,
      -1.2059225943454246,
      -2.651688576964355,
      -2.4092561815825784,
      -2.1616515414582684,
      0.6960797576368143,
      1.1397847166206896,
      1.0629115852013236,
      -1.171957329056502,
      -1.486879745562695,
      -0.6335907402264471,
      1.6142118577923945,
      0.5151613294082327,
      2.7354433241267033,
      2.2427505112296906,
      2.0115027889792154,
      -1.277565264517571,
      1.5479578277879114,
      -0.5277805027366198,
      0.902825882444418,
      -3.121747106104246,
      -2.0664090442407073
    ],
    [
      2.4922695741658867,
      1.421337096624164,
      -0.4142509231862719,
      2.6948206790845024,
      2.8598080277517797,
      -1.2984742085676046,
      1.7164572629377917,
      -1.9680254187596253,
      1.959034112363173,
      0.040820023127443594,
      -2.537807152057004,
      0.7514182648199941,
      -1.1887917183847556,
      0.7661631445555437,
      1.176474602812723,
      -0.987070724774104,
      0.9034773172750468,
      0.5370962824442684,
      0.9335214105398411,
      2.954581078969489,
      -1.194175205091747,
      -0.0729434052684419,
      -0.5600485075777604,
      0.12307732661995496,
      -0.06229082080361348,
      -3.1362954195660313,
      -0.08029955030532943,
      2.0125721903500526,
      -2.7240181843148354,
      1.0141827479223355,
      -1.9952105695690867,
      -0.7176652106334367,
      1.4976237184237409,
      2.347410567207368,
      -1.5648920835594835,
      -1.0574954604983748,
      0.27678270138263805,
      3.0047575365332513,
      1.531454068403673,
      -1.2059225943454246,
      -2.651688576964355,
      -2.4092561815825784,
      -2.1616515414582684,
      0.6960797576368143,
      1.1397847166206896,
      1.0629115852013236,
      -1.171957329056502,
      -1.486879745562695,
      -0.6335907402264471,
      1.6142118577923945,
      0.5151613294082327,
      2.7354433241267033,
      2.2427505112296906,
      2.0115027889792154,
      -1.277565264517571,
      1.5479578277879114,
      -0.5277805027366198,
      0.902825882444418,
      -3.121747106104246,
      -2.0664090442407073
    ]
  ],
  "time_taken": 2416.009420156479,
  "n_steps": 2,
  "simulation_time": 2334.9403824806213
}