{
  "best_cost": 0.06679999999999994,
  "best_params": [
    -1.9246862726476532,
    1.2763021099342877,
    -2.7332303329308023,
    -2.809654581487254,
    -1.936907991440557,
    -3.0019313828474457,
    -1.195108160802327,
    2.1177481934981435,
    -0.8990042396632671,
    -0.7320627336964036,
    2.9663507352147835,
    -2.4562665103064925,
    1.1026650962789306,
    -2.271562385157386,
    3.082399595956958,
    1.1604561185070636
  ],
  "opt_path": [
    0.24520000000000006,
    0.10880000000000004
  ],
  "params_path": [
    [
      -0.9246862726476532,
      1.2763021099342877,
      -2.7332303329308023,
      -2.809654581487254,
      -1.936907991440557,
      -3.0019313828474457,
      -1.195108160802327,
      2.1177481934981435,
      -0.8990042396632671,
      -0.7320627336964036,
      2.9663507352147835,
      -2.4562665103064925,
      1.1026650962789306,
      -2.271562385157386,
      3.082399595956958,
      1.1604561185070636
    ],
    [
      -1.9246862726476532,
      1.2763021099342877,
      -2.7332303329308023,
      -2.809654581487254,
      -1.936907991440557,
      -3.0019313828474457,
      -1.195108160802327,
      2.1177481934981435,
      -0.8990042396632671,
      -0.7320627336964036,
      2.9663507352147835,
      -2.4562665103064925,
      1.1026650962789306,
      -2.271562385157386,
      3.082399595956958,
      1.1604561185070636
    ]
  ],
  "time_taken": 9.083008050918579,
  "n_steps": 2,
  "simulation_time": 9.025855779647827
}