{
  "best_cost": 0.04839999999999989,
  "best_params": [
    1.07374652770992,
    1.0923622003234739,
    1.3227756026341195,
    -1.107632430486606,
    -1.135652166255806,
    0.10633229538577993,
    1.7407349561749843,
    -2.8335659361380805,
    -2.2576218981736678,
    -1.7462196674429613,
    3.0011404603505776,
    -1.7537084056755325
  ],
  "opt_path": [
    0.39960000000000023,
    0.035199999999999954
  ],
  "params_path": [
    [
      2.07374652770992,
      1.0923622003234739,
      1.3227756026341195,
      -1.107632430486606,
      -1.135652166255806,
      0.10633229538577993,
      1.7407349561749843,
      -2.8335659361380805,
      -2.2576218981736678,
      -1.7462196674429613,
      3.0011404603505776,
      -1.7537084056755325
    ],
    [
      1.07374652770992,
      1.0923622003234739,
      1.3227756026341195,
      -1.107632430486606,
      -1.135652166255806,
      0.10633229538577993,
      1.7407349561749843,
      -2.8335659361380805,
      -2.2576218981736678,
      -1.7462196674429613,
      3.0011404603505776,
      -1.7537084056755325
    ]
  ],
  "time_taken": 6.6431944370269775,
  "n_steps": 2,
  "simulation_time": 6.60931134223938
}