{
  "best_cost": 0.16680000000000014,
  "best_params": [
    0.5460472905266385,
    2.0109492039816788,
    -0.23967254001126292,
    2.88559442106596,
    -1.5289689770532968,
    2.9742287743064573,
    1.7273248535800088,
    1.3776876797302453,
    2.3233592779293852,
    2.394477481890581,
    1.7204706808480639,
    0.30123617933098057,
    -2.0250942982613473,
    1.2427385307125576,
    -1.749494281189266,
    -0.8860020781148932,
    1.0820917651054165,
    3.134695928864387,
    2.846149847340258,
    1.3847901194506154,
    3.1084219872051717,
    -2.8787523006623674,
    0.164965163109418,
    -0.7746359484416638
  ],
  "opt_path": [
    0.2976000000000002,
    0.21159999999999998
  ],
  "params_path": [
    [
      1.5460472905266385,
      2.0109492039816788,
      -0.23967254001126292,
      2.88559442106596,
      -1.5289689770532968,
      2.9742287743064573,
      1.7273248535800088,
      1.3776876797302453,
      2.3233592779293852,
      2.394477481890581,
      1.7204706808480639,
      0.30123617933098057,
      -2.0250942982613473,
      1.2427385307125576,
      -1.749494281189266,
      -0.8860020781148932,
      1.0820917651054165,
      3.134695928864387,
      2.846149847340258,
      1.3847901194506154,
      3.1084219872051717,
      -2.8787523006623674,
      0.164965163109418,
      -0.7746359484416638
    ],
    [
      0.5460472905266385,
      2.0109492039816788,
      -0.23967254001126292,
      2.88559442106596,
      -1.5289689770532968,
      2.9742287743064573,
      1.7273248535800088,
      1.3776876797302453,
      2.3233592779293852,
      2.394477481890581,
      1.7204706808480639,
      0.30123617933098057,
      -2.0250942982613473,
      1.2427385307125576,
      -1.749494281189266,
      -0.8860020781148932,
      1.0820917651054165,
      3.134695928864387,
      2.846149847340258,
      1.3847901194506154,
      3.1084219872051717,
      -2.8787523006623674,
      0.164965163109418,
      -0.7746359484416638
    ]
  ],
  "time_taken": 19.569860219955444,
  "n_steps": 2,
  "simulation_time": 19.287019729614258
}