{
  "best_cost": -0.5772000000000006,
  "best_params": [
    0.3610099001309357,
    0.44387338950674726,
    2.780124214446757,
    1.2908451431486387,
    1.4708301707673055,
    -0.9416219337196425,
    1.0185451959325613,
    -2.936701323628802,
    2.962866349963214,
    -1.3232642098233793,
    2.1032558322698325,
    2.8396677527857896,
    -2.66306665196369,
    -0.9412216265212692,
    1.7872508814805261,
    -2.952690867987707,
    2.7493934694813715,
    0.052935541251004636,
    0.29264409486114307,
    -2.679666285059316
  ],
  "opt_path": [
    -0.5564000000000001,
    -0.5863999999999997
  ],
  "params_path": [
    [
      1.3610099001309357,
      0.44387338950674726,
      2.780124214446757,
      1.2908451431486387,
      1.4708301707673055,
      -0.9416219337196425,
      1.0185451959325613,
      -2.936701323628802,
      2.962866349963214,
      -1.3232642098233793,
      2.1032558322698325,
      2.8396677527857896,
      -2.66306665196369,
      -0.9412216265212692,
      1.7872508814805261,
      -2.952690867987707,
      2.7493934694813715,
      0.052935541251004636,
      0.29264409486114307,
      -2.679666285059316
    ],
    [
      0.3610099001309357,
      0.44387338950674726,
      2.780124214446757,
      1.2908451431486387,
      1.4708301707673055,
      -0.9416219337196425,
      1.0185451959325613,
      -2.936701323628802,
      2.962866349963214,
      -1.3232642098233793,
      2.1032558322698325,
      2.8396677527857896,
      -2.66306665196369,
      -0.9412216265212692,
      1.7872508814805261,
      -2.952690867987707,
      2.7493934694813715,
      0.052935541251004636,
      0.29264409486114307,
      -2.679666285059316
    ]
  ],
  "time_taken": 13.487779378890991,
  "n_steps": 2,
  "simulation_time": 13.375895023345947
}