{
  "best_cost": 0.14240000000000028,
  "best_params": [
    -1.1832018294698512,
    -1.1045451570374145,
    1.7053155817202876,
    -2.573770557778552,
    0.1492553778949839,
    -0.3700507116413285,
    -1.6891055741152337,
    2.282840284607242,
    2.3773605072208124,
    -1.7734554323499734,
    -2.4507809762403414,
    1.651085114361595,
    0.6316896001497354,
    -2.5809050778586635,
    -2.3299741689694806,
    0.7267607397546776,
    0.9160776762461511,
    1.5398594092644222,
    0.41783260570284186,
    1.974954823764202,
    -1.1497024954407777,
    -0.8003233920206339,
    2.465090814766201,
    2.390567498925966,
    -0.5018662497682174,
    2.8599916032070576,
    0.5944676173872674,
    -1.7399276131211396,
    -2.351261534952117,
    1.912869778130604,
    1.2607619999233828,
    1.1000197236163372,
    0.9426907687655426,
    -1.409725401661376,
    -2.6053816310012685,
    -0.18796535736139308,
    -2.203866296796501,
    -2.5187680790560334,
    -0.36331983084160546,
    -0.6329266275067256,
    -2.6437554225002304,
    0.2856770569060467,
    -2.655448865075721,
    1.6120787991946246,
    -0.6463469812519089,
    -2.124636706130196,
    1.4301494891537239,
    -2.7039997439846943,
    0.2549880851189221,
    2.526093601087166,
    0.1412851245819029,
    0.21383198431480022,
    0.22033547127512199,
    0.36383290790568523,
    0.2898221029362711,
    1.043535224746229,
    0.6314761807577169,
    -1.0825478975447411,
    -2.3224094471681194,
    0.5585581467933087,
    -2.6701143749114826,
    2.2557790807777494,
    -0.0782676975184251,
    -1.9981189170516063
  ],
  "opt_path": [
    0.3452000000000025,
    -0.02600000000000055
  ],
  "params_path": [
    [
      -0.1832018294698512,
      -1.1045451570374145,
      1.7053155817202876,
      -2.573770557778552,
      0.1492553778949839,
      -0.3700507116413285,
      -1.6891055741152337,
      2.282840284607242,
      2.3773605072208124,
      -1.7734554323499734,
      -2.4507809762403414,
      1.651085114361595,
      0.6316896001497354,
      -2.5809050778586635,
      -2.3299741689694806,
      0.7267607397546776,
      0.9160776762461511,
      1.5398594092644222,
      0.41783260570284186,
      1.974954823764202,
      -1.1497024954407777,
      -0.8003233920206339,
      2.465090814766201,
      2.390567498925966,
      -0.5018662497682174,
      2.8599916032070576,
      0.5944676173872674,
      -1.7399276131211396,
      -2.351261534952117,
      1.912869778130604,
      1.2607619999233828,
      1.1000197236163372,
      0.9426907687655426,
      -1.409725401661376,
      -2.6053816310012685,
      -0.18796535736139308,
      -2.203866296796501,
      -2.5187680790560334,
      -0.36331983084160546,
      -0.6329266275067256,
      -2.6437554225002304,
      0.2856770569060467,
      -2.655448865075721,
      1.6120787991946246,
      -0.6463469812519089,
      -2.124636706130196,
      1.4301494891537239,
      -2.7039997439846943,
      0.2549880851189221,
      2.526093601087166,
      0.1412851245819029,
      0.21383198431480022,
      0.22033547127512199,
      0.36383290790568523,
      0.2898221029362711,
      1.043535224746229,
      0.6314761807577169,
      -1.0825478975447411,
      -2.3224094471681194,
      0.5585581467933087,
      -2.6701143749114826,
      2.2557790807777494,
      -0.0782676975184251,
      -1.9981189170516063
    ],
    [
      -1.1832018294698512,
      -1.1045451570374145,
      1.7053155817202876,
      -2.573770557778552,
      0.1492553778949839,
      -0.3700507116413285,
      -1.6891055741152337,
      2.282840284607242,
      2.3773605072208124,
      -1.7734554323499734,
      -2.4507809762403414,
      1.651085114361595,
      0.6316896001497354,
      -2.5809050778586635,
      -2.3299741689694806,
      0.7267607397546776,
      0.9160776762461511,
      1.5398594092644222,
      0.41783260570284186,
      1.974954823764202,
      -1.1497024954407777,
      -0.8003233920206339,
      2.465090814766201,
      2.390567498925966,
      -0.5018662497682174,
      2.8599916032070576,
      0.5944676173872674,
      -1.7399276131211396,
      -2.351261534952117,
      1.912869778130604,
      1.2607619999233828,
      1.1000197236163372,
      0.9426907687655426,
      -1.409725401661376,
      -2.6053816310012685,
      -0.18796535736139308,
      -2.203866296796501,
      -2.5187680790560334,
      -0.36331983084160546,
      -0.6329266275067256,
      -2.6437554225002304,
      0.2856770569060467,
      -2.655448865075721,
      1.6120787991946246,
      -0.6463469812519089,
      -2.124636706130196,
      1.4301494891537239,
      -2.7039997439846943,
      0.2549880851189221,
      2.526093601087166,
      0.1412851245819029,
      0.21383198431480022,
      0.22033547127512199,
      0.36383290790568523,
      0.2898221029362711,
      1.043535224746229,
      0.6314761807577169,
      -1.0825478975447411,
      -2.3224094471681194,
      0.5585581467933087,
      -2.6701143749114826,
      2.2557790807777494,
      -0.0782676975184251,
      -1.9981189170516063
    ]
  ],
  "time_taken": 5199.199214935303,
  "n_steps": 2,
  "simulation_time": 5100.951185941696
}