{
  "best_cost": 0.10600000000000212,
  "best_params": [
    -0.6647136401004317,
    0.7527822777614146,
    -2.985870104404926,
    -3.067215559998575,
    -2.8590695767854535,
    -2.828654614752187,
    0.014720713702809363,
    -1.8184645648185511,
    -0.32311836092097224,
    0.05282109066872387,
    0.37947048588079024,
    1.8914098954824201,
    -1.6606030552791913,
    -2.6220765282190377,
    -0.7895782386296113,
    -1.79974865821595,
    2.60290432919948,
    -1.5949439947009127,
    -2.2360536437443286,
    2.972291276529189,
    -2.6494533357319416,
    -1.0312680768768887,
    -0.15281276364575413,
    -0.3417944838323095,
    -1.4205203925915924,
    -1.9003229126352927,
    0.15450425501546183,
    -1.1051132490135123,
    0.3652712170327357,
    0.7765725885404096,
    -0.0708303600716409,
    0.16929954325113128,
    -0.679001672033269,
    -3.0776926743119546,
    -2.064739458422502,
    2.4607102595940615,
    2.77937244257473,
    0.9780323937924358,
    0.6949029677616805,
    2.4622392397693194,
    1.0365298879670783,
    1.2462960093768043,
    0.7904143584474692,
    1.0755754774237865,
    2.714631491720324,
    0.13118705657377117,
    2.472385124727664,
    -2.1175886483812083,
    -0.6697695153697203,
    1.1734950096418162,
    -2.779400982983388,
    2.321569351573663
  ],
  "opt_path": [
    0.1675999999999881,
    0.170399999999991
  ],
  "params_path": [
    [
      0.33528635989956834,
      0.7527822777614146,
      -2.985870104404926,
      -3.067215559998575,
      -2.8590695767854535,
      -2.828654614752187,
      0.014720713702809363,
      -1.8184645648185511,
      -0.32311836092097224,
      0.05282109066872387,
      0.37947048588079024,
      1.8914098954824201,
      -1.6606030552791913,
      -2.6220765282190377,
      -0.7895782386296113,
      -1.79974865821595,
      2.60290432919948,
      -1.5949439947009127,
      -2.2360536437443286,
      2.972291276529189,
      -2.6494533357319416,
      -1.0312680768768887,
      -0.15281276364575413,
      -0.3417944838323095,
      -1.4205203925915924,
      -1.9003229126352927,
      0.15450425501546183,
      -1.1051132490135123,
      0.3652712170327357,
      0.7765725885404096,
      -0.0708303600716409,
      0.16929954325113128,
      -0.679001672033269,
      -3.0776926743119546,
      -2.064739458422502,
      2.4607102595940615,
      2.77937244257473,
      0.9780323937924358,
      0.6949029677616805,
      2.4622392397693194,
      1.0365298879670783,
      1.2462960093768043,
      0.7904143584474692,
      1.0755754774237865,
      2.714631491720324,
      0.13118705657377117,
      2.472385124727664,
      -2.1175886483812083,
      -0.6697695153697203,
      1.1734950096418162,
      -2.779400982983388,
      2.321569351573663
    ],
    [
      -0.6647136401004317,
      0.7527822777614146,
      -2.985870104404926,
      -3.067215559998575,
      -2.8590695767854535,
      -2.828654614752187,
      0.014720713702809363,
      -1.8184645648185511,
      -0.32311836092097224,
      0.05282109066872387,
      0.37947048588079024,
      1.8914098954824201,
      -1.6606030552791913,
      -2.6220765282190377,
      -0.7895782386296113,
      -1.79974865821595,
      2.60290432919948,
      -1.5949439947009127,
      -2.2360536437443286,
      2.972291276529189,
      -2.6494533357319416,
      -1.0312680768768887,
      -0.15281276364575413,
      -0.3417944838323095,
      -1.4205203925915924,
      -1.9003229126352927,
      0.15450425501546183,
      -1.1051132490135123,
      0.3652712170327357,
      0.7765725885404096,
      -0.0708303600716409,
      0.16929954325113128,
      -0.679001672033269,
      -3.0776926743119546,
      -2.064739458422502,
      2.4607102595940615,
      2.77937244257473,
      0.9780323937924358,
      0.6949029677616805,
      2.4622392397693194,
      1.0365298879670783,
      1.2462960093768043,
      0.7904143584474692,
      1.0755754774237865,
      2.714631491720324,
      0.13118705657377117,
      2.472385124727664,
      -2.1175886483812083,
      -0.6697695153697203,
      1.1734950096418162,
      -2.779400982983388,
      2.321569351573663
    ]
  ],
  "time_taken": 2589.103322505951,
  "n_steps": 2,
  "simulation_time": 2546.8657462596893
}