{
  "best_cost": -0.029600000000000737,
  "best_params": [
    -3.080324394758052,
    -2.8893175092582446,
    -1.9668925739822447,
    1.0883902999158535,
    -2.547956539309329,
    0.5333760992052872,
    1.2826064338171728,
    -1.5583099150065767,
    0.7020191358539902,
    1.6485582761506121,
    0.6611445452564206,
    -1.5885736272656377,
    2.126205922503382,
    2.96597086789342,
    -2.829796245075821,
    -2.4781314670293457,
    0.3262514961566616,
    3.042571245820408,
    2.7608011415175495,
    -1.9989366140174678,
    1.1494069389338089,
    -2.4851142197099425,
    2.677625441940246,
    0.9856238875721468,
    -2.2369110505027208,
    -2.626756208778221,
    -0.047466912040604825,
    -0.20804630861449747,
    -0.7712462214008018,
    -0.1697771058941231,
    2.5890855764714074,
    0.7547421699824461,
    -1.9724804747664977,
    3.116401335581209,
    1.6665119072833239,
    1.1279189277925221,
    -0.42899743088255704,
    -1.5276690445878902,
    -0.20337911521808572,
    -1.0370817042151832,
    -1.6621177247928391,
    -0.41971017042726544,
    -0.41297949996489125,
    -1.0668877088202797
  ],
  "opt_path": [
    0.013199999999999268,
    -0.026000000000001522
  ],
  "params_path": [
    [
      -2.080324394758052,
      -2.8893175092582446,
      -1.9668925739822447,
      1.0883902999158535,
      -2.547956539309329,
      0.5333760992052872,
      1.2826064338171728,
      -1.5583099150065767,
      0.7020191358539902,
      1.6485582761506121,
      0.6611445452564206,
      -1.5885736272656377,
      2.126205922503382,
      2.96597086789342,
      -2.829796245075821,
      -2.4781314670293457,
      0.3262514961566616,
      3.042571245820408,
      2.7608011415175495,
      -1.9989366140174678,
      1.1494069389338089,
      -2.4851142197099425,
      2.677625441940246,
      0.9856238875721468,
      -2.2369110505027208,
      -2.626756208778221,
      -0.047466912040604825,
      -0.20804630861449747,
      -0.7712462214008018,
      -0.1697771058941231,
      2.5890855764714074,
      0.7547421699824461,
      -1.9724804747664977,
      3.116401335581209,
      1.6665119072833239,
      1.1279189277925221,
      -0.42899743088255704,
      -1.5276690445878902,
      -0.20337911521808572,
      -1.0370817042151832,
      -1.6621177247928391,
      -0.41971017042726544,
      -0.41297949996489125,
      -1.0668877088202797
    ],
    [
      -3.080324394758052,
      -2.8893175092582446,
      -1.9668925739822447,
      1.0883902999158535,
      -2.547956539309329,
      0.5333760992052872,
      1.2826064338171728,
      -1.5583099150065767,
      0.7020191358539902,
      1.6485582761506121,
      0.6611445452564206,
      -1.5885736272656377,
      2.126205922503382,
      2.96597086789342,
      -2.829796245075821,
      -2.4781314670293457,
      0.3262514961566616,
      3.042571245820408,
      2.7608011415175495,
      -1.9989366140174678,
      1.1494069389338089,
      -2.4851142197099425,
      2.677625441940246,
      0.9856238875721468,
      -2.2369110505027208,
      -2.626756208778221,
      -0.047466912040604825,
      -0.20804630861449747,
      -0.7712462214008018,
      -0.1697771058941231,
      2.5890855764714074,
      0.7547421699824461,
      -1.9724804747664977,
      3.116401335581209,
      1.6665119072833239,
      1.1279189277925221,
      -0.42899743088255704,
      -1.5276690445878902,
      -0.20337911521808572,
      -1.0370817042151832,
      -1.6621177247928391,
      -0.41971017042726544,
      -0.41297949996489125,
      -1.0668877088202797
    ]
  ],
  "time_taken": 559.9341356754303,
  "n_steps": 2,
  "simulation_time": 547.3119430541992
}