{
  "best_cost": -0.10880000000000008,
  "best_params": [
    0.22506970817418148,
    0.5259690637762255,
    -0.4051632249953383,
    -2.594148897241413,
    -1.715949253606826,
    1.7056198736422603,
    1.1492011341369919,
    0.23424803511996783,
    -2.386885420402069,
    -3.0370529152945567,
    1.8005617420027464,
    -0.05058086232798997,
    -1.41582153372725,
    -0.31200066653769243,
    -1.1202507022371178,
    1.7494546853289759,
    1.2203760049330246,
    2.4488562613063873,
    1.5678666773450498,
    2.194325804654124,
    0.8302986644148067,
    -0.5295563401266854,
    0.9130587049149019,
    -1.4190556313885636,
    -2.639507995630137,
    0.5327174041297291,
    0.6445714946673102,
    -1.1290673705799015
  ],
  "opt_path": [
    -0.17759999999999979,
    -0.17599999999999988
  ],
  "params_path": [
    [
      1.2250697081741815,
      0.5259690637762255,
      -0.4051632249953383,
      -2.594148897241413,
      -1.715949253606826,
      1.7056198736422603,
      1.1492011341369919,
      0.23424803511996783,
      -2.386885420402069,
      -3.0370529152945567,
      1.8005617420027464,
      -0.05058086232798997,
      -1.41582153372725,
      -0.31200066653769243,
      -1.1202507022371178,
      1.7494546853289759,
      1.2203760049330246,
      2.4488562613063873,
      1.5678666773450498,
      2.194325804654124,
      0.8302986644148067,
      -0.5295563401266854,
      0.9130587049149019,
      -1.4190556313885636,
      -2.639507995630137,
      0.5327174041297291,
      0.6445714946673102,
      -1.1290673705799015
    ],
    [
      0.22506970817418148,
      0.5259690637762255,
      -0.4051632249953383,
      -2.594148897241413,
      -1.715949253606826,
      1.7056198736422603,
      1.1492011341369919,
      0.23424803511996783,
      -2.386885420402069,
      -3.0370529152945567,
      1.8005617420027464,
      -0.05058086232798997,
      -1.41582153372725,
      -0.31200066653769243,
      -1.1202507022371178,
      1.7494546853289759,
      1.2203760049330246,
      2.4488562613063873,
      1.5678666773450498,
      2.194325804654124,
      0.8302986644148067,
      -0.5295563401266854,
      0.9130587049149019,
      -1.4190556313885636,
      -2.639507995630137,
      0.5327174041297291,
      0.6445714946673102,
      -1.1290673705799015
    ]
  ],
  "time_taken": 32.979745626449585,
  "n_steps": 2,
  "simulation_time": 32.41669201850891
}