{
  "best_cost": -0.1520000000000349,
  "best_params": [
    1.171493539771932,
    -2.99719443454123,
    1.677166820509477,
    -2.192712550421466,
    0.8289921866311398,
    -0.9071129249455918,
    -0.5112990039792376,
    0.7029101110845972,
    -0.6090875407185257,
    0.6783363664984989,
    -0.47557552843823725,
    -1.6997797281849183,
    -1.848750954139068,
    0.8036957207678426,
    -0.9193042127587008,
    -1.542008947127298,
    -0.08994923782161601,
    -1.1496721619837533,
    3.0804127507951105,
    -0.475865096007428,
    -1.1671472200976152,
    -2.750425711671161,
    -0.43876103807351496,
    0.13272079159033368,
    -2.164062520289796,
    -0.5282440406295388,
    -2.973895088978568,
    -1.32020015051075,
    -1.8313321060258794,
    2.6291825774608792,
    0.11871262499768598,
    0.18555407581524985,
    -0.9728871030186435,
    -1.2344367934773912,
    1.6493005326087609,
    3.0016301347842367,
    2.6716939579095467,
    0.4805719127990047,
    2.9635941101516696,
    -0.6165706229593759,
    -2.496438331589726,
    0.9869662331952478,
    -1.1435796825682962,
    3.0573066939641977,
    0.13324814691574982,
    -0.6090543765474323,
    1.1149209316257567,
    0.9647371483038762,
    2.176758622427596,
    -1.6203693867045326,
    1.7366246214983523,
    -0.9028552066598294
  ],
  "opt_path": [
    -0.1580000000000307,
    -0.1520000000000349
  ],
  "params_path": [
    [
      2.171493539771932,
      -2.99719443454123,
      1.677166820509477,
      -2.192712550421466,
      0.8289921866311398,
      -0.9071129249455918,
      -0.5112990039792376,
      0.7029101110845972,
      -0.6090875407185257,
      0.6783363664984989,
      -0.47557552843823725,
      -1.6997797281849183,
      -1.848750954139068,
      0.8036957207678426,
      -0.9193042127587008,
      -1.542008947127298,
      -0.08994923782161601,
      -1.1496721619837533,
      3.0804127507951105,
      -0.475865096007428,
      -1.1671472200976152,
      -2.750425711671161,
      -0.43876103807351496,
      0.13272079159033368,
      -2.164062520289796,
      -0.5282440406295388,
      -2.973895088978568,
      -1.32020015051075,
      -1.8313321060258794,
      2.6291825774608792,
      0.11871262499768598,
      0.18555407581524985,
      -0.9728871030186435,
      -1.2344367934773912,
      1.6493005326087609,
      3.0016301347842367,
      2.6716939579095467,
      0.4805719127990047,
      2.9635941101516696,
      -0.6165706229593759,
      -2.496438331589726,
      0.9869662331952478,
      -1.1435796825682962,
      3.0573066939641977,
      0.13324814691574982,
      -0.6090543765474323,
      1.1149209316257567,
      0.9647371483038762,
      2.176758622427596,
      -1.6203693867045326,
      1.7366246214983523,
      -0.9028552066598294
    ],
    [
      1.171493539771932,
      -2.99719443454123,
      1.677166820509477,
      -2.192712550421466,
      0.8289921866311398,
      -0.9071129249455918,
      -0.5112990039792376,
      0.7029101110845972,
      -0.6090875407185257,
      0.6783363664984989,
      -0.47557552843823725,
      -1.6997797281849183,
      -1.848750954139068,
      0.8036957207678426,
      -0.9193042127587008,
      -1.542008947127298,
      -0.08994923782161601,
      -1.1496721619837533,
      3.0804127507951105,
      -0.475865096007428,
      -1.1671472200976152,
      -2.750425711671161,
      -0.43876103807351496,
      0.13272079159033368,
      -2.164062520289796,
      -0.5282440406295388,
      -2.973895088978568,
      -1.32020015051075,
      -1.8313321060258794,
      2.6291825774608792,
      0.11871262499768598,
      0.18555407581524985,
      -0.9728871030186435,
      -1.2344367934773912,
      1.6493005326087609,
      3.0016301347842367,
      2.6716939579095467,
      0.4805719127990047,
      2.9635941101516696,
      -0.6165706229593759,
      -2.496438331589726,
      0.9869662331952478,
      -1.1435796825682962,
      3.0573066939641977,
      0.13324814691574982,
      -0.6090543765474323,
      1.1149209316257567,
      0.9647371483038762,
      2.176758622427596,
      -1.6203693867045326,
      1.7366246214983523,
      -0.9028552066598294
    ]
  ],
  "time_taken": 855.6858172416687,
  "n_steps": 2,
  "simulation_time": 820.404620885849
}