{
  "best_cost": -0.03120000000000414,
  "best_params": [
    -1.5579731754276478,
    -2.048957827864528,
    -2.1182961760302055,
    -1.6146755186708697,
    0.11848583622013464,
    2.56347942867255,
    0.35343593884247637,
    -3.1176332558097566,
    -2.655858509417575,
    -1.7410552124730596,
    -2.3414135318267872,
    2.7817830060398068,
    -0.0123258860495703,
    1.5699551506469902,
    -0.8252852693663422,
    -0.2527348781083658,
    2.5523772746675757,
    1.8637211877256936,
    1.4002311138069476,
    -1.6594762861987842,
    -2.2110125295711147,
    -1.4505106581657545,
    -1.304656979306356,
    0.768353349232382,
    -2.26309305312581,
    0.5354951551456981,
    -2.6700308906147177,
    0.675944154331245,
    1.3023043811608428,
    1.0292824302446988,
    0.5092862487501537,
    -1.5245104858879373,
    -3.09874259139536,
    -0.5967682317933614,
    0.06422858701011158,
    0.3131774081297132,
    -1.372352311664757,
    1.345187375060882,
    -1.2052059265112491,
    -2.67174012256435,
    -2.6280569052330387,
    2.6620166219549395,
    1.4084750911034671,
    3.006675801094067,
    0.9664361288238563,
    0.1419748569605197,
    -2.938789959046286,
    -1.1417190290401251,
    1.172051008018892,
    0.1215720529130686,
    -0.35719905066466806,
    3.086509902877527,
    1.3506727676592805,
    -1.7406239543618571,
    2.3170267889896765,
    0.08085370559733507,
    -2.313343881444169,
    -2.7330008272661215,
    0.1952037362589647,
    2.842712737984642,
    2.72319477174553,
    0.25124938722736045,
    -2.4472075402999094,
    -2.891483642109705
  ],
  "opt_path": [
    -0.031200000000004613,
    -0.03120000000000414
  ],
  "params_path": [
    [
      -0.5579731754276478,
      -2.048957827864528,
      -2.1182961760302055,
      -1.6146755186708697,
      0.11848583622013464,
      2.56347942867255,
      0.35343593884247637,
      -3.1176332558097566,
      -2.655858509417575,
      -1.7410552124730596,
      -2.3414135318267872,
      2.7817830060398068,
      -0.0123258860495703,
      1.5699551506469902,
      -0.8252852693663422,
      -0.2527348781083658,
      2.5523772746675757,
      1.8637211877256936,
      1.4002311138069476,
      -1.6594762861987842,
      -2.2110125295711147,
      -1.4505106581657545,
      -1.304656979306356,
      0.768353349232382,
      -2.26309305312581,
      0.5354951551456981,
      -2.6700308906147177,
      0.675944154331245,
      1.3023043811608428,
      1.0292824302446988,
      0.5092862487501537,
      -1.5245104858879373,
      -3.09874259139536,
      -0.5967682317933614,
      0.06422858701011158,
      0.3131774081297132,
      -1.372352311664757,
      1.345187375060882,
      -1.2052059265112491,
      -2.67174012256435,
      -2.6280569052330387,
      2.6620166219549395,
      1.4084750911034671,
      3.006675801094067,
      0.9664361288238563,
      0.1419748569605197,
      -2.938789959046286,
      -1.1417190290401251,
      1.172051008018892,
      0.1215720529130686,
      -0.35719905066466806,
      3.086509902877527,
      1.3506727676592805,
      -1.7406239543618571,
      2.3170267889896765,
      0.08085370559733507,
      -2.313343881444169,
      -2.7330008272661215,
      0.1952037362589647,
      2.842712737984642,
      2.72319477174553,
      0.25124938722736045,
      -2.4472075402999094,
      -2.891483642109705
    ],
    [
      -1.5579731754276478,
      -2.048957827864528,
      -2.1182961760302055,
      -1.6146755186708697,
      0.11848583622013464,
      2.56347942867255,
      0.35343593884247637,
      -3.1176332558097566,
      -2.655858509417575,
      -1.7410552124730596,
      -2.3414135318267872,
      2.7817830060398068,
      -0.0123258860495703,
      1.5699551506469902,
      -0.8252852693663422,
      -0.2527348781083658,
      2.5523772746675757,
      1.8637211877256936,
      1.4002311138069476,
      -1.6594762861987842,
      -2.2110125295711147,
      -1.4505106581657545,
      -1.304656979306356,
      0.768353349232382,
      -2.26309305312581,
      0.5354951551456981,
      -2.6700308906147177,
      0.675944154331245,
      1.3023043811608428,
      1.0292824302446988,
      0.5092862487501537,
      -1.5245104858879373,
      -3.09874259139536,
      -0.5967682317933614,
      0.06422858701011158,
      0.3131774081297132,
      -1.372352311664757,
      1.345187375060882,
      -1.2052059265112491,
      -2.67174012256435,
      -2.6280569052330387,
      2.6620166219549395,
      1.4084750911034671,
      3.006675801094067,
      0.9664361288238563,
      0.1419748569605197,
      -2.938789959046286,
      -1.1417190290401251,
      1.172051008018892,
      0.1215720529130686,
      -0.35719905066466806,
      3.086509902877527,
      1.3506727676592805,
      -1.7406239543618571,
      2.3170267889896765,
      0.08085370559733507,
      -2.313343881444169,
      -2.7330008272661215,
      0.1952037362589647,
      2.842712737984642,
      2.72319477174553,
      0.25124938722736045,
      -2.4472075402999094,
      -2.891483642109705
    ]
  ],
  "time_taken": 2213.640831708908,
  "n_steps": 2,
  "simulation_time": 2130.500744342804
}