{
  "best_cost": 0.08880000000000005,
  "best_params": [
    2.46422437564246,
    -0.5913727811482978,
    -1.365244000184652,
    0.03753348848786553,
    -1.6416753959942747,
    0.6629715488784012,
    -1.400354804867216,
    1.793832309851216,
    1.922058692954602,
    2.296456492769326,
    2.6211556162793412,
    0.2797530450235586,
    1.3894300867309477,
    -3.075309632088079,
    -1.9790989781544073,
    0.31138144284289204,
    0.8674821617075272,
    2.965004248905551,
    -0.21875993143601047,
    -3.038508689448393,
    -1.183891285688743,
    -1.519955724696696,
    1.821734792373638,
    -3.1356285056530675,
    -0.24794759832313806,
    2.8193488592239504,
    -0.4288047311042096,
    0.5739024900496044,
    0.18873819120012536,
    -0.8696886213728723,
    1.8737971377627058,
    -2.11477771600524
  ],
  "opt_path": [
    0.12200000000000027,
    0.08880000000000005
  ],
  "params_path": [
    [
      3.46422437564246,
      -0.5913727811482978,
      -1.365244000184652,
      0.03753348848786553,
      -1.6416753959942747,
      0.6629715488784012,
      -1.400354804867216,
      1.793832309851216,
      1.922058692954602,
      2.296456492769326,
      2.6211556162793412,
      0.2797530450235586,
      1.3894300867309477,
      -3.075309632088079,
      -1.9790989781544073,
      0.31138144284289204,
      0.8674821617075272,
      2.965004248905551,
      -0.21875993143601047,
      -3.038508689448393,
      -1.183891285688743,
      -1.519955724696696,
      1.821734792373638,
      -3.1356285056530675,
      -0.24794759832313806,
      2.8193488592239504,
      -0.4288047311042096,
      0.5739024900496044,
      0.18873819120012536,
      -0.8696886213728723,
      1.8737971377627058,
      -2.11477771600524
    ],
    [
      2.46422437564246,
      -0.5913727811482978,
      -1.365244000184652,
      0.03753348848786553,
      -1.6416753959942747,
      0.6629715488784012,
      -1.400354804867216,
      1.793832309851216,
      1.922058692954602,
      2.296456492769326,
      2.6211556162793412,
      0.2797530450235586,
      1.3894300867309477,
      -3.075309632088079,
      -1.9790989781544073,
      0.31138144284289204,
      0.8674821617075272,
      2.965004248905551,
      -0.21875993143601047,
      -3.038508689448393,
      -1.183891285688743,
      -1.519955724696696,
      1.821734792373638,
      -3.1356285056530675,
      -0.24794759832313806,
      2.8193488592239504,
      -0.4288047311042096,
      0.5739024900496044,
      0.18873819120012536,
      -0.8696886213728723,
      1.8737971377627058,
      -2.11477771600524
    ]
  ],
  "time_taken": 18.24325203895569,
  "n_steps": 2,
  "simulation_time": 17.19823956489563
}