{
  "best_cost": 0.1179999999999998,
  "best_params": [
    1.9912773219124738,
    2.02812203851703,
    -0.769979779273414,
    -0.9717930919691193,
    -2.1620928406388473,
    -2.1418536533902213,
    0.8875885681385967,
    0.16521931069300022,
    2.903295176633904,
    0.10049503046030939,
    -0.01996875925124053,
    0.5418349100229776,
    1.7279380410614902,
    1.7021457744371604,
    2.802199129203828,
    -2.958762436254149,
    1.1261147968952345,
    -2.427665048570928,
    2.4204912900439686,
    -0.14711609211010623
  ],
  "opt_path": [
    0.11600000000000005,
    0.1179999999999998
  ],
  "params_path": [
    [
      2.9912773219124738,
      2.02812203851703,
      -0.769979779273414,
      -0.9717930919691193,
      -2.1620928406388473,
      -2.1418536533902213,
      0.8875885681385967,
      0.16521931069300022,
      2.903295176633904,
      0.10049503046030939,
      -0.01996875925124053,
      0.5418349100229776,
      1.7279380410614902,
      1.7021457744371604,
      2.802199129203828,
      -2.958762436254149,
      1.1261147968952345,
      -2.427665048570928,
      2.4204912900439686,
      -0.14711609211010623
    ],
    [
      1.9912773219124738,
      2.02812203851703,
      -0.769979779273414,
      -0.9717930919691193,
      -2.1620928406388473,
      -2.1418536533902213,
      0.8875885681385967,
      0.16521931069300022,
      2.903295176633904,
      0.10049503046030939,
      -0.01996875925124053,
      0.5418349100229776,
      1.7279380410614902,
      1.7021457744371604,
      2.802199129203828,
      -2.958762436254149,
      1.1261147968952345,
      -2.427665048570928,
      2.4204912900439686,
      -0.14711609211010623
    ]
  ],
  "time_taken": 2.8383255004882812,
  "n_steps": 2,
  "simulation_time": 2.74117112159729
}