{
  "best_cost": -0.9580000000000001,
  "best_params": [
    1.2852312567796726,
    2.200611321184433,
    1.01063450405801,
    -1.9771867475074614,
    -0.01700567126654251,
    -3.0203098375851405,
    0.06187849035141779,
    0.6875021064508617
  ],
  "opt_path": [
    -0.9499999999999998,
    -0.9580000000000001
  ],
  "params_path": [
    [
      2.2852312567796726,
      2.200611321184433,
      1.01063450405801,
      -1.9771867475074614,
      -0.01700567126654251,
      -3.0203098375851405,
      0.06187849035141779,
      0.6875021064508617
    ],
    [
      1.2852312567796726,
      2.200611321184433,
      1.01063450405801,
      -1.9771867475074614,
      -0.01700567126654251,
      -3.0203098375851405,
      0.06187849035141779,
      0.6875021064508617
    ]
  ],
  "time_taken": 0.9284555912017822,
  "n_steps": 2,
  "simulation_time": 0.9071040153503418
}