{
  "best_cost": -0.1447999999999986,
  "best_params": [
    0.9273526385447717,
    -0.31616811349835183,
    1.9222136544348176,
    -0.29308292052817375,
    1.1803971107318816,
    -0.7910498168584987,
    -0.5705685340274371,
    0.9203962683400704,
    1.081847436497017,
    1.4241009491009704,
    2.5000669624205027,
    1.0521812086447246,
    0.050444535690103987,
    2.72196617856798,
    -2.9270167143573693,
    -2.711425484757543,
    -1.971040713003994,
    3.0877776492831197,
    -1.8972716728479555,
    -2.5435086638331064,
    -2.4409956122041665,
    -0.6553494132413737,
    -2.1200000841650417,
    -1.5183923409563187,
    -0.03931691408618043,
    -1.4102771571718438,
    -0.7980678667884695,
    -2.4935134318875667,
    2.3841167063545257,
    1.84320609828593,
    -1.459618684848407,
    0.5157935371057305,
    -0.30735647527792453,
    1.7332767130558144,
    -0.9064971861295423,
    -0.12309940219995186
  ],
  "opt_path": [
    -0.06479999999999905,
    -0.1447999999999986
  ],
  "params_path": [
    [
      1.9273526385447717,
      -0.31616811349835183,
      1.9222136544348176,
      -0.29308292052817375,
      1.1803971107318816,
      -0.7910498168584987,
      -0.5705685340274371,
      0.9203962683400704,
      1.081847436497017,
      1.4241009491009704,
      2.5000669624205027,
      1.0521812086447246,
      0.050444535690103987,
      2.72196617856798,
      -2.9270167143573693,
      -2.711425484757543,
      -1.971040713003994,
      3.0877776492831197,
      -1.8972716728479555,
      -2.5435086638331064,
      -2.4409956122041665,
      -0.6553494132413737,
      -2.1200000841650417,
      -1.5183923409563187,
      -0.03931691408618043,
      -1.4102771571718438,
      -0.7980678667884695,
      -2.4935134318875667,
      2.3841167063545257,
      1.84320609828593,
      -1.459618684848407,
      0.5157935371057305,
      -0.30735647527792453,
      1.7332767130558144,
      -0.9064971861295423,
      -0.12309940219995186
    ],
    [
      0.9273526385447717,
      -0.31616811349835183,
      1.9222136544348176,
      -0.29308292052817375,
      1.1803971107318816,
      -0.7910498168584987,
      -0.5705685340274371,
      0.9203962683400704,
      1.081847436497017,
      1.4241009491009704,
      2.5000669624205027,
      1.0521812086447246,
      0.050444535690103987,
      2.72196617856798,
      -2.9270167143573693,
      -2.711425484757543,
      -1.971040713003994,
      3.0877776492831197,
      -1.8972716728479555,
      -2.5435086638331064,
      -2.4409956122041665,
      -0.6553494132413737,
      -2.1200000841650417,
      -1.5183923409563187,
      -0.03931691408618043,
      -1.4102771571718438,
      -0.7980678667884695,
      -2.4935134318875667,
      2.3841167063545257,
      1.84320609828593,
      -1.459618684848407,
      0.5157935371057305,
      -0.30735647527792453,
      1.7332767130558144,
      -0.9064971861295423,
      -0.12309940219995186
    ]
  ],
  "time_taken": 39.11648416519165,
  "n_steps": 2,
  "simulation_time": 36.738157749176025
}