{
  "best_cost": 0.09079999999999994,
  "best_params": [
    -1.2782709014137843,
    1.9362597483617137,
    -1.7987076573017649,
    -1.2232023257711047,
    -0.543454896333007,
    -2.781021247173528,
    1.1324169836388824,
    -3.1217043882601154,
    -1.3511127137545031,
    -0.2627692876292014,
    -0.4920794023103565,
    2.6139973102587826
  ],
  "opt_path": [
    0.18040000000000012,
    0.09079999999999994
  ],
  "params_path": [
    [
      -0.2782709014137843,
      1.9362597483617137,
      -1.7987076573017649,
      -1.2232023257711047,
      -0.543454896333007,
      -2.781021247173528,
      1.1324169836388824,
      -3.1217043882601154,
      -1.3511127137545031,
      -0.2627692876292014,
      -0.4920794023103565,
      2.6139973102587826
    ],
    [
      -1.2782709014137843,
      1.9362597483617137,
      -1.7987076573017649,
      -1.2232023257711047,
      -0.543454896333007,
      -2.781021247173528,
      1.1324169836388824,
      -3.1217043882601154,
      -1.3511127137545031,
      -0.2627692876292014,
      -0.4920794023103565,
      2.6139973102587826
    ]
  ],
  "time_taken": 1.292842149734497,
  "n_steps": 2,
  "simulation_time": 1.263594388961792
}