{
  "best_cost": -0.21719999999999923,
  "best_params": [
    0.5387853362463328,
    -0.8885697163212014,
    2.959065178023553,
    -0.9750519611173258,
    -2.7430421049467157,
    -0.6671432095109466,
    2.830178611489819,
    2.1057946080890817,
    -1.296418980211964,
    2.0046880021358033,
    2.155294461600569,
    -1.4875564195190207,
    0.5064160552505585,
    -0.43756370226524055,
    -2.8749151091057796,
    2.3932017175037883,
    -2.039915517267231,
    1.170578437792913,
    0.7465012817621601,
    0.21578706242228574,
    -0.0926650447684767,
    -0.8046281222297069,
    2.3294079553328535,
    1.1603546484438905,
    2.7400297595483067,
    -0.3772086462056117,
    2.9960994795299056,
    -2.7634338720049856,
    -1.97707447261734,
    -2.469245824578102,
    -2.343620181647596,
    1.907699341946043,
    1.5196196720061454,
    2.2884735857250096,
    3.050720208397326,
    2.6097315226941316,
    0.7354288375241844,
    2.8909144384485677,
    -0.9033328841790453,
    -2.534797760738065
  ],
  "opt_path": [
    -0.22119999999999995,
    -0.21719999999999923
  ],
  "params_path": [
    [
      1.5387853362463328,
      -0.8885697163212014,
      2.959065178023553,
      -0.9750519611173258,
      -2.7430421049467157,
      -0.6671432095109466,
      2.830178611489819,
      2.1057946080890817,
      -1.296418980211964,
      2.0046880021358033,
      2.155294461600569,
      -1.4875564195190207,
      0.5064160552505585,
      -0.43756370226524055,
      -2.8749151091057796,
      2.3932017175037883,
      -2.039915517267231,
      1.170578437792913,
      0.7465012817621601,
      0.21578706242228574,
      -0.0926650447684767,
      -0.8046281222297069,
      2.3294079553328535,
      1.1603546484438905,
      2.7400297595483067,
      -0.3772086462056117,
      2.9960994795299056,
      -2.7634338720049856,
      -1.97707447261734,
      -2.469245824578102,
      -2.343620181647596,
      1.907699341946043,
      1.5196196720061454,
      2.2884735857250096,
      3.050720208397326,
      2.6097315226941316,
      0.7354288375241844,
      2.8909144384485677,
      -0.9033328841790453,
      -2.534797760738065
    ],
    [
      0.5387853362463328,
      -0.8885697163212014,
      2.959065178023553,
      -0.9750519611173258,
      -2.7430421049467157,
      -0.6671432095109466,
      2.830178611489819,
      2.1057946080890817,
      -1.296418980211964,
      2.0046880021358033,
      2.155294461600569,
      -1.4875564195190207,
      0.5064160552505585,
      -0.43756370226524055,
      -2.8749151091057796,
      2.3932017175037883,
      -2.039915517267231,
      1.170578437792913,
      0.7465012817621601,
      0.21578706242228574,
      -0.0926650447684767,
      -0.8046281222297069,
      2.3294079553328535,
      1.1603546484438905,
      2.7400297595483067,
      -0.3772086462056117,
      2.9960994795299056,
      -2.7634338720049856,
      -1.97707447261734,
      -2.469245824578102,
      -2.343620181647596,
      1.907699341946043,
      1.5196196720061454,
      2.2884735857250096,
      3.050720208397326,
      2.6097315226941316,
      0.7354288375241844,
      2.8909144384485677,
      -0.9033328841790453,
      -2.534797760738065
    ]
  ],
  "time_taken": 82.94537353515625,
  "n_steps": 2,
  "simulation_time": 77.59746646881104
}