{
  "best_cost": -0.1419999999999998,
  "best_params": [
    2.7611391822717293,
    -2.484509633840151,
    -3.047283137459248,
    -2.9935423753649233,
    -2.779608017588985,
    -0.55612312742445,
    -1.152349315497998,
    0.15935680248491302,
    -1.2026656633536716,
    1.1081582588824634,
    1.5684740628018865,
    1.7491948296557274,
    -1.2358611243636648,
    -0.08683675932909107,
    -2.445744274240092,
    -1.2193403742492195,
    -2.2770377344129207,
    -0.5177379193942091,
    -2.827042548864482,
    1.2197928557686843,
    0.18173138123434507,
    1.8157325636302266,
    2.2959358868735347,
    -1.7369083763967907,
    -0.03300048211642004,
    0.39258645028739503,
    1.50454373678751,
    -3.021811625926075,
    0.22500391350381266,
    2.589015585333498,
    1.1396328188741025,
    2.0357778184084774,
    1.7601484527461615,
    -3.1225905631701814,
    1.8276825259405527,
    2.135106266465244,
    2.3129415677175897,
    1.2265292701138621,
    2.3074003536611487,
    -1.1950391087095333,
    -2.216866348375536,
    -2.0071034249452415,
    1.3068564618467589,
    -0.5338560672886628
  ],
  "opt_path": [
    -0.38319999999999876,
    -0.1419999999999998
  ],
  "params_path": [
    [
      3.7611391822717293,
      -2.484509633840151,
      -3.047283137459248,
      -2.9935423753649233,
      -2.779608017588985,
      -0.55612312742445,
      -1.152349315497998,
      0.15935680248491302,
      -1.2026656633536716,
      1.1081582588824634,
      1.5684740628018865,
      1.7491948296557274,
      -1.2358611243636648,
      -0.08683675932909107,
      -2.445744274240092,
      -1.2193403742492195,
      -2.2770377344129207,
      -0.5177379193942091,
      -2.827042548864482,
      1.2197928557686843,
      0.18173138123434507,
      1.8157325636302266,
      2.2959358868735347,
      -1.7369083763967907,
      -0.03300048211642004,
      0.39258645028739503,
      1.50454373678751,
      -3.021811625926075,
      0.22500391350381266,
      2.589015585333498,
      1.1396328188741025,
      2.0357778184084774,
      1.7601484527461615,
      -3.1225905631701814,
      1.8276825259405527,
      2.135106266465244,
      2.3129415677175897,
      1.2265292701138621,
      2.3074003536611487,
      -1.1950391087095333,
      -2.216866348375536,
      -2.0071034249452415,
      1.3068564618467589,
      -0.5338560672886628
    ],
    [
      2.7611391822717293,
      -2.484509633840151,
      -3.047283137459248,
      -2.9935423753649233,
      -2.779608017588985,
      -0.55612312742445,
      -1.152349315497998,
      0.15935680248491302,
      -1.2026656633536716,
      1.1081582588824634,
      1.5684740628018865,
      1.7491948296557274,
      -1.2358611243636648,
      -0.08683675932909107,
      -2.445744274240092,
      -1.2193403742492195,
      -2.2770377344129207,
      -0.5177379193942091,
      -2.827042548864482,
      1.2197928557686843,
      0.18173138123434507,
      1.8157325636302266,
      2.2959358868735347,
      -1.7369083763967907,
      -0.03300048211642004,
      0.39258645028739503,
      1.50454373678751,
      -3.021811625926075,
      0.22500391350381266,
      2.589015585333498,
      1.1396328188741025,
      2.0357778184084774,
      1.7601484527461615,
      -3.1225905631701814,
      1.8276825259405527,
      2.135106266465244,
      2.3129415677175897,
      1.2265292701138621,
      2.3074003536611487,
      -1.1950391087095333,
      -2.216866348375536,
      -2.0071034249452415,
      1.3068564618467589,
      -0.5338560672886628
    ]
  ],
  "time_taken": 182.7584092617035,
  "n_steps": 2,
  "simulation_time": 171.55745005607605
}