{
  "best_cost": -0.3116000000000001,
  "best_params": [
    1.2899960029164683,
    -2.5036766784643683,
    0.8441457075522973,
    1.952833860850288,
    -0.65974773734618,
    3.119908537058188,
    2.835876617973641,
    0.2367891807586897,
    -0.6548280625850693,
    1.7612701949542435,
    -1.4761785341825608,
    2.4591898851669223,
    0.9318238661438389,
    0.209743990580471,
    0.9311168144258231,
    2.927582311361517
  ],
  "opt_path": [
    -0.2115999999999999,
    -0.3116000000000001
  ],
  "params_path": [
    [
      2.2899960029164683,
      -2.5036766784643683,
      0.8441457075522973,
      1.952833860850288,
      -0.65974773734618,
      3.119908537058188,
      2.835876617973641,
      0.2367891807586897,
      -0.6548280625850693,
      1.7612701949542435,
      -1.4761785341825608,
      2.4591898851669223,
      0.9318238661438389,
      0.209743990580471,
      0.9311168144258231,
      2.927582311361517
    ],
    [
      1.2899960029164683,
      -2.5036766784643683,
      0.8441457075522973,
      1.952833860850288,
      -0.65974773734618,
      3.119908537058188,
      2.835876617973641,
      0.2367891807586897,
      -0.6548280625850693,
      1.7612701949542435,
      -1.4761785341825608,
      2.4591898851669223,
      0.9318238661438389,
      0.209743990580471,
      0.9311168144258231,
      2.927582311361517
    ]
  ],
  "time_taken": 1.8399713039398193,
  "n_steps": 2,
  "simulation_time": 1.7894046306610107
}