{
  "best_cost": -0.7759999999999532,
  "best_params": [
    2.4400295553041964,
    1.043750267131835,
    0.6475710357620037,
    0.29852808948649345,
    0.41057137448666436,
    2.058160498505643,
    1.4563904106969403,
    0.2864127720052627,
    1.9557628822671287,
    -3.05672680656542,
    1.6567612923335044,
    -0.2706380910061075,
    1.5773160880930392,
    -0.4372207841729807,
    0.06899450893108527,
    2.3659925924929057,
    2.6229671380747916,
    -1.5326380192756395,
    -2.3407470604772853,
    -1.2858129546910255,
    1.3072139092666442,
    1.1418379128643377,
    -2.9772452436146346,
    -1.4555218040282016,
    -1.329574105709812,
    0.4586544175376108,
    -2.0097121491887098,
    -2.276928017739328,
    1.0191504497480066,
    1.3927728260475511,
    -1.5414288905350644,
    1.0348898323951081,
    1.0884843788071379,
    2.1868069750489054,
    -2.6414317614939153,
    2.384463961502007,
    2.517727488130654,
    2.7820607379295916,
    2.715480985639836,
    1.7530556620087,
    -2.937517914752492,
    2.913255665990607,
    0.8148469627531076,
    0.9154164218722372,
    -1.119540218547356,
    -2.852294332376885,
    1.9344554404767091,
    1.7964797330605515,
    1.5232584256731343,
    -1.0133345735563628,
    1.4028351197598248,
    0.32979964251817373,
    -1.903300991211409,
    0.7575900754108988,
    -2.035961200684568,
    1.7129142685051102,
    -0.8933486934347799,
    -3.006934464672609,
    -1.5158599255230802,
    2.8718417553277
  ],
  "opt_path": [
    -0.4699999999999545,
    -0.7759999999999532
  ],
  "params_path": [
    [
      3.4400295553041964,
      1.043750267131835,
      0.6475710357620037,
      0.29852808948649345,
      0.41057137448666436,
      2.058160498505643,
      1.4563904106969403,
      0.2864127720052627,
      1.9557628822671287,
      -3.05672680656542,
      1.6567612923335044,
      -0.2706380910061075,
      1.5773160880930392,
      -0.4372207841729807,
      0.06899450893108527,
      2.3659925924929057,
      2.6229671380747916,
      -1.5326380192756395,
      -2.3407470604772853,
      -1.2858129546910255,
      1.3072139092666442,
      1.1418379128643377,
      -2.9772452436146346,
      -1.4555218040282016,
      -1.329574105709812,
      0.4586544175376108,
      -2.0097121491887098,
      -2.276928017739328,
      1.0191504497480066,
      1.3927728260475511,
      -1.5414288905350644,
      1.0348898323951081,
      1.0884843788071379,
      2.1868069750489054,
      -2.6414317614939153,
      2.384463961502007,
      2.517727488130654,
      2.7820607379295916,
      2.715480985639836,
      1.7530556620087,
      -2.937517914752492,
      2.913255665990607,
      0.8148469627531076,
      0.9154164218722372,
      -1.119540218547356,
      -2.852294332376885,
      1.9344554404767091,
      1.7964797330605515,
      1.5232584256731343,
      -1.0133345735563628,
      1.4028351197598248,
      0.32979964251817373,
      -1.903300991211409,
      0.7575900754108988,
      -2.035961200684568,
      1.7129142685051102,
      -0.8933486934347799,
      -3.006934464672609,
      -1.5158599255230802,
      2.8718417553277
    ],
    [
      2.4400295553041964,
      1.043750267131835,
      0.6475710357620037,
      0.29852808948649345,
      0.41057137448666436,
      2.058160498505643,
      1.4563904106969403,
      0.2864127720052627,
      1.9557628822671287,
      -3.05672680656542,
      1.6567612923335044,
      -0.2706380910061075,
      1.5773160880930392,
      -0.4372207841729807,
      0.06899450893108527,
      2.3659925924929057,
      2.6229671380747916,
      -1.5326380192756395,
      -2.3407470604772853,
      -1.2858129546910255,
      1.3072139092666442,
      1.1418379128643377,
      -2.9772452436146346,
      -1.4555218040282016,
      -1.329574105709812,
      0.4586544175376108,
      -2.0097121491887098,
      -2.276928017739328,
      1.0191504497480066,
      1.3927728260475511,
      -1.5414288905350644,
      1.0348898323951081,
      1.0884843788071379,
      2.1868069750489054,
      -2.6414317614939153,
      2.384463961502007,
      2.517727488130654,
      2.7820607379295916,
      2.715480985639836,
      1.7530556620087,
      -2.937517914752492,
      2.913255665990607,
      0.8148469627531076,
      0.9154164218722372,
      -1.119540218547356,
      -2.852294332376885,
      1.9344554404767091,
      1.7964797330605515,
      1.5232584256731343,
      -1.0133345735563628,
      1.4028351197598248,
      0.32979964251817373,
      -1.903300991211409,
      0.7575900754108988,
      -2.035961200684568,
      1.7129142685051102,
      -0.8933486934347799,
      -3.006934464672609,
      -1.5158599255230802,
      2.8718417553277
    ]
  ],
  "time_taken": 1080.6542294025421,
  "n_steps": 2,
  "simulation_time": 1009.6249663829803
}