{
  "best_cost": -0.36440000000000394,
  "best_params": [
    2.20528775387775,
    -1.1643110849371447,
    0.6478458047175351,
    1.570159273977736,
    1.5050706586957219,
    -1.6655436939590902,
    0.9579565585864351,
    -1.1426674371807366,
    1.6082848521169737,
    1.9385956989832085,
    0.7830611337398943,
    2.79282468125076,
    -0.15483802926899282,
    -0.8967447692924813,
    -0.9158562546559237,
    -0.6036637035239969,
    -0.16163933650691753,
    -0.6560550965798662,
    -2.9984594365156214,
    0.3607311783154574,
    -1.6828849654142854,
    2.280789911804912,
    0.7449627097752427,
    1.6641037892296353,
    -0.7875414489024934,
    2.3606184545449764,
    1.213741164540191,
    -1.7126009624024454,
    2.7858507020852334,
    1.5443826928688464,
    1.756059148822735,
    1.8480687725165899,
    -1.7841277493433343,
    1.0865349975256882,
    -2.048373157149046,
    -2.4137317577281885,
    -0.7348581933383973,
    0.06361428778493128,
    -3.0505130300532888,
    1.987272862524903,
    -2.2604612429648023,
    2.1061926941844966,
    -2.9287029742471544,
    -1.2146608197280144,
    2.802494381345462,
    -1.2204536224314548,
    2.733398959610188,
    -1.8779050367581385
  ],
  "opt_path": [
    -0.3392000000000029,
    -0.36440000000000394
  ],
  "params_path": [
    [
      3.20528775387775,
      -1.1643110849371447,
      0.6478458047175351,
      1.570159273977736,
      1.5050706586957219,
      -1.6655436939590902,
      0.9579565585864351,
      -1.1426674371807366,
      1.6082848521169737,
      1.9385956989832085,
      0.7830611337398943,
      2.79282468125076,
      -0.15483802926899282,
      -0.8967447692924813,
      -0.9158562546559237,
      -0.6036637035239969,
      -0.16163933650691753,
      -0.6560550965798662,
      -2.9984594365156214,
      0.3607311783154574,
      -1.6828849654142854,
      2.280789911804912,
      0.7449627097752427,
      1.6641037892296353,
      -0.7875414489024934,
      2.3606184545449764,
      1.213741164540191,
      -1.7126009624024454,
      2.7858507020852334,
      1.5443826928688464,
      1.756059148822735,
      1.8480687725165899,
      -1.7841277493433343,
      1.0865349975256882,
      -2.048373157149046,
      -2.4137317577281885,
      -0.7348581933383973,
      0.06361428778493128,
      -3.0505130300532888,
      1.987272862524903,
      -2.2604612429648023,
      2.1061926941844966,
      -2.9287029742471544,
      -1.2146608197280144,
      2.802494381345462,
      -1.2204536224314548,
      2.733398959610188,
      -1.8779050367581385
    ],
    [
      2.20528775387775,
      -1.1643110849371447,
      0.6478458047175351,
      1.570159273977736,
      1.5050706586957219,
      -1.6655436939590902,
      0.9579565585864351,
      -1.1426674371807366,
      1.6082848521169737,
      1.9385956989832085,
      0.7830611337398943,
      2.79282468125076,
      -0.15483802926899282,
      -0.8967447692924813,
      -0.9158562546559237,
      -0.6036637035239969,
      -0.16163933650691753,
      -0.6560550965798662,
      -2.9984594365156214,
      0.3607311783154574,
      -1.6828849654142854,
      2.280789911804912,
      0.7449627097752427,
      1.6641037892296353,
      -0.7875414489024934,
      2.3606184545449764,
      1.213741164540191,
      -1.7126009624024454,
      2.7858507020852334,
      1.5443826928688464,
      1.756059148822735,
      1.8480687725165899,
      -1.7841277493433343,
      1.0865349975256882,
      -2.048373157149046,
      -2.4137317577281885,
      -0.7348581933383973,
      0.06361428778493128,
      -3.0505130300532888,
      1.987272862524903,
      -2.2604612429648023,
      2.1061926941844966,
      -2.9287029742471544,
      -1.2146608197280144,
      2.802494381345462,
      -1.2204536224314548,
      2.733398959610188,
      -1.8779050367581385
    ]
  ],
  "time_taken": 393.2045707702637,
  "n_steps": 2,
  "simulation_time": 370.8970470428467
}