{
  "best_cost": 0.08320000000000011,
  "best_params": [
    -1.120048625089204,
    3.133669439993766,
    -0.014096982884076681,
    0.595354788597573,
    0.9237272416667084,
    2.3775861441283626,
    2.142181858738933,
    0.3829964778687107,
    -0.23493841741626786,
    1.7671275011932055,
    -1.8864500399431774,
    2.0813723793544208,
    -2.1995448239526487,
    1.9974852987463008,
    1.3051307559908247,
    -0.8922066524099628,
    2.560885412476079,
    -2.81608700780823,
    -1.0576670778396715,
    0.19976766670393564,
    -0.5064403405405913,
    0.4206251376134569,
    -1.111311996806302,
    -1.1051267953933048
  ],
  "opt_path": [
    0.18359999999999993,
    0.08320000000000011
  ],
  "params_path": [
    [
      -0.12004862508920411,
      3.133669439993766,
      -0.014096982884076681,
      0.595354788597573,
      0.9237272416667084,
      2.3775861441283626,
      2.142181858738933,
      0.3829964778687107,
      -0.23493841741626786,
      1.7671275011932055,
      -1.8864500399431774,
      2.0813723793544208,
      -2.1995448239526487,
      1.9974852987463008,
      1.3051307559908247,
      -0.8922066524099628,
      2.560885412476079,
      -2.81608700780823,
      -1.0576670778396715,
      0.19976766670393564,
      -0.5064403405405913,
      0.4206251376134569,
      -1.111311996806302,
      -1.1051267953933048
    ],
    [
      -1.120048625089204,
      3.133669439993766,
      -0.014096982884076681,
      0.595354788597573,
      0.9237272416667084,
      2.3775861441283626,
      2.142181858738933,
      0.3829964778687107,
      -0.23493841741626786,
      1.7671275011932055,
      -1.8864500399431774,
      2.0813723793544208,
      -2.1995448239526487,
      1.9974852987463008,
      1.3051307559908247,
      -0.8922066524099628,
      2.560885412476079,
      -2.81608700780823,
      -1.0576670778396715,
      0.19976766670393564,
      -0.5064403405405913,
      0.4206251376134569,
      -1.111311996806302,
      -1.1051267953933048
    ]
  ],
  "time_taken": 4.745522975921631,
  "n_steps": 2,
  "simulation_time": 4.537815093994141
}