{
  "best_cost": -0.6028000000000002,
  "best_params": [
    -1.654205781453969,
    1.8204407616306408,
    0.89227966193382,
    1.0908111372778304,
    0.38019425288287456,
    0.7016369066506449,
    1.7381433803996806,
    -2.2152519487166353,
    -2.3841148206944403,
    2.5945625384481508,
    -0.2707669609516703,
    -1.695086529255144,
    -1.3611254009954759,
    -1.2459299131368946,
    -2.6274137884078748,
    2.4288311345842777,
    -0.9081265525687177,
    -0.33237021877692063,
    -0.7610900501916342,
    -0.2599578415836561,
    1.8442389100494845,
    -0.3582694248085021,
    -3.0806147972236757,
    -2.125219138351544,
    -2.769981009891269,
    2.3833886809348908,
    -1.0309785706145087,
    0.15702921101640266
  ],
  "opt_path": [
    -0.6655999999999997,
    -0.6028000000000002
  ],
  "params_path": [
    [
      -0.654205781453969,
      1.8204407616306408,
      0.89227966193382,
      1.0908111372778304,
      0.38019425288287456,
      0.7016369066506449,
      1.7381433803996806,
      -2.2152519487166353,
      -2.3841148206944403,
      2.5945625384481508,
      -0.2707669609516703,
      -1.695086529255144,
      -1.3611254009954759,
      -1.2459299131368946,
      -2.6274137884078748,
      2.4288311345842777,
      -0.9081265525687177,
      -0.33237021877692063,
      -0.7610900501916342,
      -0.2599578415836561,
      1.8442389100494845,
      -0.3582694248085021,
      -3.0806147972236757,
      -2.125219138351544,
      -2.769981009891269,
      2.3833886809348908,
      -1.0309785706145087,
      0.15702921101640266
    ],
    [
      -1.654205781453969,
      1.8204407616306408,
      0.89227966193382,
      1.0908111372778304,
      0.38019425288287456,
      0.7016369066506449,
      1.7381433803996806,
      -2.2152519487166353,
      -2.3841148206944403,
      2.5945625384481508,
      -0.2707669609516703,
      -1.695086529255144,
      -1.3611254009954759,
      -1.2459299131368946,
      -2.6274137884078748,
      2.4288311345842777,
      -0.9081265525687177,
      -0.33237021877692063,
      -0.7610900501916342,
      -0.2599578415836561,
      1.8442389100494845,
      -0.3582694248085021,
      -3.0806147972236757,
      -2.125219138351544,
      -2.769981009891269,
      2.3833886809348908,
      -1.0309785706145087,
      0.15702921101640266
    ]
  ],
  "time_taken": 8.755439281463623,
  "n_steps": 2,
  "simulation_time": 8.293180227279663
}