{
  "best_cost": 0.7872000000000001,
  "best_params": [
    -2.7937832739901283,
    2.713876537143735,
    -2.991985505769944,
    2.2080325486878962,
    3.124969660541713,
    -2.276425097342723,
    2.515794788101654,
    0.8136713509165849,
    -2.907749512558176,
    0.8013004236113566,
    0.860530049518502,
    -0.28007263189337017,
    -0.6826468665037573,
    -1.2038305905570486,
    -1.911729973846254,
    2.8324854735589007,
    -0.23722005720092154,
    -3.0009181883689533,
    0.6880173848807987,
    -0.05414634365349302,
    -0.18997447235153953,
    0.4312536434169316,
    -2.1316477181536797,
    -1.7307502466267035,
    1.339520526650321,
    1.7281675875943874,
    1.1853033722207558,
    1.2650391078782244,
    -2.611355974407512,
    -2.108954661191848,
    -0.24334334031667026,
    1.331643256616843,
    -1.4515954363266605,
    -1.2087853113577598,
    -2.412618889814845,
    1.822158401636261,
    -1.781364671677199,
    -0.7828541583726714,
    -1.5042324266992242,
    -0.4196369664155224,
    0.7496440967053846,
    -1.0752962474307468,
    1.7956389074022718,
    -0.8599380215641741,
    -2.7960022370787048,
    0.6323116801633155,
    2.3022013190092787,
    -2.7305675643738505,
    -2.972259707241581,
    -2.5437487267424355,
    -0.6513867703825653,
    2.55272682101921,
    -0.8697478191799468,
    -0.0476554551089543,
    1.731375753979508,
    0.9170869736853637
  ],
  "opt_path": [
    0.7948000000000033,
    0.7872000000000001
  ],
  "params_path": [
    [
      -1.7937832739901283,
      2.713876537143735,
      -2.991985505769944,
      2.2080325486878962,
      3.124969660541713,
      -2.276425097342723,
      2.515794788101654,
      0.8136713509165849,
      -2.907749512558176,
      0.8013004236113566,
      0.860530049518502,
      -0.28007263189337017,
      -0.6826468665037573,
      -1.2038305905570486,
      -1.911729973846254,
      2.8324854735589007,
      -0.23722005720092154,
      -3.0009181883689533,
      0.6880173848807987,
      -0.05414634365349302,
      -0.18997447235153953,
      0.4312536434169316,
      -2.1316477181536797,
      -1.7307502466267035,
      1.339520526650321,
      1.7281675875943874,
      1.1853033722207558,
      1.2650391078782244,
      -2.611355974407512,
      -2.108954661191848,
      -0.24334334031667026,
      1.331643256616843,
      -1.4515954363266605,
      -1.2087853113577598,
      -2.412618889814845,
      1.822158401636261,
      -1.781364671677199,
      -0.7828541583726714,
      -1.5042324266992242,
      -0.4196369664155224,
      0.7496440967053846,
      -1.0752962474307468,
      1.7956389074022718,
      -0.8599380215641741,
      -2.7960022370787048,
      0.6323116801633155,
      2.3022013190092787,
      -2.7305675643738505,
      -2.972259707241581,
      -2.5437487267424355,
      -0.6513867703825653,
      2.55272682101921,
      -0.8697478191799468,
      -0.0476554551089543,
      1.731375753979508,
      0.9170869736853637
    ],
    [
      -2.7937832739901283,
      2.713876537143735,
      -2.991985505769944,
      2.2080325486878962,
      3.124969660541713,
      -2.276425097342723,
      2.515794788101654,
      0.8136713509165849,
      -2.907749512558176,
      0.8013004236113566,
      0.860530049518502,
      -0.28007263189337017,
      -0.6826468665037573,
      -1.2038305905570486,
      -1.911729973846254,
      2.8324854735589007,
      -0.23722005720092154,
      -3.0009181883689533,
      0.6880173848807987,
      -0.05414634365349302,
      -0.18997447235153953,
      0.4312536434169316,
      -2.1316477181536797,
      -1.7307502466267035,
      1.339520526650321,
      1.7281675875943874,
      1.1853033722207558,
      1.2650391078782244,
      -2.611355974407512,
      -2.108954661191848,
      -0.24334334031667026,
      1.331643256616843,
      -1.4515954363266605,
      -1.2087853113577598,
      -2.412618889814845,
      1.822158401636261,
      -1.781364671677199,
      -0.7828541583726714,
      -1.5042324266992242,
      -0.4196369664155224,
      0.7496440967053846,
      -1.0752962474307468,
      1.7956389074022718,
      -0.8599380215641741,
      -2.7960022370787048,
      0.6323116801633155,
      2.3022013190092787,
      -2.7305675643738505,
      -2.972259707241581,
      -2.5437487267424355,
      -0.6513867703825653,
      2.55272682101921,
      -0.8697478191799468,
      -0.0476554551089543,
      1.731375753979508,
      0.9170869736853637
    ]
  ],
  "time_taken": 1872.0744090080261,
  "n_steps": 2,
  "simulation_time": 1817.411427974701
}