{
  "best_cost": -0.9000000000000021,
  "best_params": [
    -0.08320834641545027,
    -2.8119974728365844,
    -1.325416408800458,
    -0.1699240422561011,
    1.7570213107135821,
    -2.805095819102345,
    -1.3334439957662985,
    -1.9216983000556973,
    -1.9828501965090013,
    0.5458224743967411,
    0.39856545626991313,
    0.5811303727496142,
    -2.1341886809018864,
    -0.45701481230375474,
    -0.09110044174819512,
    -0.15296973273217496,
    -2.764991820551166,
    -1.6874910928723792,
    0.6363713792312466,
    2.239571515845699,
    -0.12361812583288119,
    -0.28109024552318057,
    -0.28258631928874534,
    1.6402730046096423,
    -1.9840856271706448,
    2.969752420309476,
    0.25589200231970866,
    -2.091289608134363,
    -2.2700613313129674,
    1.2733645810917589,
    0.28975468466433474,
    1.354565899330751,
    0.778843962440339,
    -1.2587214899133619,
    -0.6548750917007556,
    -0.6988657289358302,
    1.0300088021532223,
    1.6800537214344282,
    0.4185773738976574,
    -1.6971547664467292,
    -0.6525333584622822,
    -0.885436458730495,
    -0.7778468737535182,
    2.2122103512118585,
    1.3805553239829047,
    -0.5937612046178268,
    0.4478832201375872,
    1.9701479483698963
  ],
  "opt_path": [
    -0.8784000000000006
  ],
  "params_path": [
    [
      -0.08320834641545027,
      -2.8119974728365844,
      -1.325416408800458,
      -0.1699240422561011,
      1.7570213107135821,
      -2.805095819102345,
      -1.3334439957662985,
      -1.9216983000556973,
      -1.9828501965090013,
      0.5458224743967411,
      0.39856545626991313,
      0.5811303727496142,
      -2.1341886809018864,
      -0.45701481230375474,
      -0.09110044174819512,
      -0.15296973273217496,
      -2.764991820551166,
      -1.6874910928723792,
      0.6363713792312466,
      2.239571515845699,
      -0.12361812583288119,
      -0.28109024552318057,
      -0.28258631928874534,
      1.6402730046096423,
      -1.9840856271706448,
      2.969752420309476,
      0.25589200231970866,
      -2.091289608134363,
      -2.2700613313129674,
      1.2733645810917589,
      0.28975468466433474,
      1.354565899330751,
      0.778843962440339,
      -1.2587214899133619,
      -0.6548750917007556,
      -0.6988657289358302,
      1.0300088021532223,
      1.6800537214344282,
      0.4185773738976574,
      -1.6971547664467292,
      -0.6525333584622822,
      -0.885436458730495,
      -0.7778468737535182,
      2.2122103512118585,
      1.3805553239829047,
      -0.5937612046178268,
      0.4478832201375872,
      1.9701479483698963
    ]
  ],
  "time_taken": 12221.098469257355,
  "n_steps": 1,
  "simulation_time": 12001.966547727585
}