{
  "best_cost": -0.9487999999999941,
  "best_params": [
    0.04944943547320107,
    -0.14238767494456142,
    -0.4632441722945914,
    0.22751111320911463,
    -2.5148719054870923,
    -0.9475668803557544,
    -0.1251352744301882,
    3.0387111529808184,
    0.04255210557177567,
    3.121437318266687,
    2.3899878839230997,
    0.7937068955770945,
    1.721600370615643,
    0.545783626210141,
    1.7610828306327257,
    0.8443009640150506,
    2.6662361568413573,
    -3.0265305845663892,
    -3.096557469605588,
    0.18728339801336644,
    0.36982335185920273,
    -2.984520984941833,
    1.382836292252832,
    -0.2465849183206136,
    -1.854535414651478,
    -1.7581889989543713,
    -1.285443110797233,
    2.6265980946258267,
    0.7815521507424992,
    -2.896891153761948,
    1.2297587857384458,
    -0.5129170652485094,
    -1.1918530619427714,
    2.2391465478906545,
    3.112463351969438,
    -1.8674631949170706,
    2.9598404258081352,
    0.7078432745099444,
    -0.5059377774508775,
    -1.0109677416051916,
    0.5982600515413656,
    1.6833796337075675,
    -0.12670146061996546,
    -0.40292229402841895
  ],
  "opt_path": [
    -0.8827999999999951
  ],
  "params_path": [
    [
      0.04944943547320107,
      -0.14238767494456142,
      -0.4632441722945914,
      0.22751111320911463,
      -2.5148719054870923,
      -0.9475668803557544,
      -0.1251352744301882,
      3.0387111529808184,
      0.04255210557177567,
      3.121437318266687,
      2.3899878839230997,
      0.7937068955770945,
      1.721600370615643,
      0.545783626210141,
      1.7610828306327257,
      0.8443009640150506,
      2.6662361568413573,
      -3.0265305845663892,
      -3.096557469605588,
      0.18728339801336644,
      0.36982335185920273,
      -2.984520984941833,
      1.382836292252832,
      -0.2465849183206136,
      -1.854535414651478,
      -1.7581889989543713,
      -1.285443110797233,
      2.6265980946258267,
      0.7815521507424992,
      -2.896891153761948,
      1.2297587857384458,
      -0.5129170652485094,
      -1.1918530619427714,
      2.2391465478906545,
      3.112463351969438,
      -1.8674631949170706,
      2.9598404258081352,
      0.7078432745099444,
      -0.5059377774508775,
      -1.0109677416051916,
      0.5982600515413656,
      1.6833796337075675,
      -0.12670146061996546,
      -0.40292229402841895
    ]
  ],
  "time_taken": 5328.75811123848,
  "n_steps": 1,
  "simulation_time": 5218.694650888443
}