{
  "best_cost": -1.3975999999999904,
  "best_params": [
    -2.792930494527279,
    -0.8379949851083633,
    0.2859416860463022,
    0.016112630471797486,
    -1.4206354408144606,
    2.6752559611915006,
    -1.0610920303808202,
    0.3632631265837889,
    1.1102274225689635,
    1.6639924189071955,
    -0.5527717448922317,
    0.07288265547892481,
    -2.872193381942064,
    -3.0254344842989624,
    2.110380105335322,
    -0.07003496617836608,
    1.39573990155488,
    -0.6493840752383517,
    -2.127383938915739,
    -2.337381934782773,
    0.7793719662626631,
    -2.323963398355993,
    1.2997735192781916,
    1.8182321119746228,
    -1.3407631450932922,
    -2.3600107727137227,
    0.6048081527359286,
    1.5541888440886764,
    1.2069253195644,
    0.713724928848086,
    -1.780753200153603,
    -3.0401046082702843,
    -1.5219872352452906,
    -2.4505377261244763,
    -0.8964993767126966,
    -1.6983330339179998,
    2.801382921420769,
    -1.993000623975944,
    -1.1373936995531135,
    -1.4443276493381914,
    -2.2276748454482114,
    1.7017380932227333,
    -0.2793931283143103,
    1.182923375452892
  ],
  "opt_path": [
    -1.3267999999999882
  ],
  "params_path": [
    [
      -2.792930494527279,
      -0.8379949851083633,
      0.2859416860463022,
      0.016112630471797486,
      -1.4206354408144606,
      2.6752559611915006,
      -1.0610920303808202,
      0.3632631265837889,
      1.1102274225689635,
      1.6639924189071955,
      -0.5527717448922317,
      0.07288265547892481,
      -2.872193381942064,
      -3.0254344842989624,
      2.110380105335322,
      -0.07003496617836608,
      1.39573990155488,
      -0.6493840752383517,
      -2.127383938915739,
      -2.337381934782773,
      0.7793719662626631,
      -2.323963398355993,
      1.2997735192781916,
      1.8182321119746228,
      -1.3407631450932922,
      -2.3600107727137227,
      0.6048081527359286,
      1.5541888440886764,
      1.2069253195644,
      0.713724928848086,
      -1.780753200153603,
      -3.0401046082702843,
      -1.5219872352452906,
      -2.4505377261244763,
      -0.8964993767126966,
      -1.6983330339179998,
      2.801382921420769,
      -1.993000623975944,
      -1.1373936995531135,
      -1.4443276493381914,
      -2.2276748454482114,
      1.7017380932227333,
      -0.2793931283143103,
      1.182923375452892
    ]
  ],
  "time_taken": 9.472177028656006,
  "n_steps": 1,
  "simulation_time": 8.28225326538086
}