{
  "best_cost": -1.1680000000000212,
  "best_params": [
    -0.7312603156089769,
    -1.5435410729835761,
    -1.9279597962762738,
    2.0677649756732945,
    2.1927572999985587,
    2.2291126257704654,
    0.3738222612242061,
    2.9820961628482623,
    -2.754513158890315,
    -0.3328709792424212,
    1.4760200957461993,
    -3.0384077988575684,
    -2.565696537689401,
    2.549473319244363,
    0.01740477919100569,
    2.407424990832466,
    -0.7402454318324845,
    -1.4379801059161579,
    -3.018693169444607,
    1.3737927976025601,
    2.5676674771274235,
    2.6537356457974033,
    -2.7123809539810626,
    -2.0313556802098574,
    1.1937211928899216,
    -2.653410923802739,
    2.739871121195011,
    -2.556306216683016,
    -1.098830756464807,
    -2.2725526123196023,
    1.92946687592945,
    2.377439048486805,
    -2.595200209614152,
    0.0695904607046037,
    -2.4116225027553804,
    2.129832848602012,
    -2.618163965718383,
    -1.067869045004716,
    1.0447904191080606,
    1.9696574308634325,
    -2.135332994832136,
    0.15133387989172728,
    -2.845301264230581,
    -2.0329855426846324,
    -0.45533025939631355,
    -3.095394785449343,
    1.3612974492316245,
    0.07499060730101863,
    0.5436623034786516,
    1.690254539030386,
    -1.8597092682433352,
    1.4201729853787803
  ],
  "opt_path": [
    -1.2336000000000167
  ],
  "params_path": [
    [
      -0.7312603156089769,
      -1.5435410729835761,
      -1.9279597962762738,
      2.0677649756732945,
      2.1927572999985587,
      2.2291126257704654,
      0.3738222612242061,
      2.9820961628482623,
      -2.754513158890315,
      -0.3328709792424212,
      1.4760200957461993,
      -3.0384077988575684,
      -2.565696537689401,
      2.549473319244363,
      0.01740477919100569,
      2.407424990832466,
      -0.7402454318324845,
      -1.4379801059161579,
      -3.018693169444607,
      1.3737927976025601,
      2.5676674771274235,
      2.6537356457974033,
      -2.7123809539810626,
      -2.0313556802098574,
      1.1937211928899216,
      -2.653410923802739,
      2.739871121195011,
      -2.556306216683016,
      -1.098830756464807,
      -2.2725526123196023,
      1.92946687592945,
      2.377439048486805,
      -2.595200209614152,
      0.0695904607046037,
      -2.4116225027553804,
      2.129832848602012,
      -2.618163965718383,
      -1.067869045004716,
      1.0447904191080606,
      1.9696574308634325,
      -2.135332994832136,
      0.15133387989172728,
      -2.845301264230581,
      -2.0329855426846324,
      -0.45533025939631355,
      -3.095394785449343,
      1.3612974492316245,
      0.07499060730101863,
      0.5436623034786516,
      1.690254539030386,
      -1.8597092682433352,
      1.4201729853787803
    ]
  ],
  "time_taken": 922.5243489742279,
  "n_steps": 1,
  "simulation_time": 532.7275860309601
}