{
  "best_cost": -0.9420000000000002,
  "best_params": [
    0.8395360111859197,
    -1.776251639916153,
    -0.6713227348403559,
    -1.5226266284293242,
    -0.6632360214467078,
    0.29582483894597716,
    -2.3873006938339505,
    -1.0732561268272043,
    -1.1154213396260748,
    1.8337446439229528,
    1.0706533017346127,
    2.3956984127572096,
    0.1927750605845632,
    -3.003109045239923,
    -1.9878671273556694,
    -1.741848325229524,
    -0.20777210071557037,
    0.10706546142308349,
    1.0137988933721427,
    1.4622883653093148,
    -1.7358841031325671,
    0.3472499001238845,
    1.148371463683503,
    -2.596136381978809,
    -0.6199817823784127,
    1.3280134292615535,
    0.48280455453826676,
    1.2018606960225313
  ],
  "opt_path": [
    -0.9096000000000003
  ],
  "params_path": [
    [
      0.8395360111859197,
      -1.776251639916153,
      -0.6713227348403559,
      -1.5226266284293242,
      -0.6632360214467078,
      0.29582483894597716,
      -2.3873006938339505,
      -1.0732561268272043,
      -1.1154213396260748,
      1.8337446439229528,
      1.0706533017346127,
      2.3956984127572096,
      0.1927750605845632,
      -3.003109045239923,
      -1.9878671273556694,
      -1.741848325229524,
      -0.20777210071557037,
      0.10706546142308349,
      1.0137988933721427,
      1.4622883653093148,
      -1.7358841031325671,
      0.3472499001238845,
      1.148371463683503,
      -2.596136381978809,
      -0.6199817823784127,
      1.3280134292615535,
      0.48280455453826676,
      1.2018606960225313
    ]
  ],
  "time_taken": 25.11768651008606,
  "n_steps": 1,
  "simulation_time": 19.992407083511353
}