{
  "best_cost": -0.6711999999999999,
  "best_params": [
    -0.14221169306089068,
    2.877959698735393,
    -0.09605101752276121,
    2.8861143118648163,
    -3.009810906430528,
    -1.265859297700435,
    2.0622617913913825,
    1.7556688981526978,
    1.0700344193929112,
    -3.024269750144943,
    -1.3615474623349038,
    0.3975482151692365,
    3.1044950809848593,
    0.8592378792147654,
    2.2900462732772393,
    3.116057561160231,
    -2.8393688864936872,
    -0.09894061422214769,
    -0.8163122233167618,
    0.05147314768738156,
    -2.596594419184566,
    0.26771590889376273,
    -0.4502270053370143,
    -0.7226383192358916
  ],
  "opt_path": [
    -0.6748
  ],
  "params_path": [
    [
      -0.14221169306089068,
      2.877959698735393,
      -0.09605101752276121,
      2.8861143118648163,
      -3.009810906430528,
      -1.265859297700435,
      2.0622617913913825,
      1.7556688981526978,
      1.0700344193929112,
      -3.024269750144943,
      -1.3615474623349038,
      0.3975482151692365,
      3.1044950809848593,
      0.8592378792147654,
      2.2900462732772393,
      3.116057561160231,
      -2.8393688864936872,
      -0.09894061422214769,
      -0.8163122233167618,
      0.05147314768738156,
      -2.596594419184566,
      0.26771590889376273,
      -0.4502270053370143,
      -0.7226383192358916
    ]
  ],
  "time_taken": 6.776895523071289,
  "n_steps": 1
}