{
  "best_cost": 0.3184000000000291,
  "best_params": [
    3.13131544614183,
    -1.0063021810949868,
    -1.9119264937783027,
    2.2110451443175805,
    -0.5242612554119339,
    1.3276132852194893,
    0.6806071709901143,
    1.591598188728824,
    0.695670697811059,
    0.24271708386292978,
    -2.5808002046820078,
    1.4200612905182703,
    0.49185490113177366,
    -0.0017567262839595088,
    0.6532424348320562,
    -2.871880342720811,
    1.7834433232787124,
    2.631902397113458,
    -2.113622772363562,
    -0.17059311344335137,
    -1.5481939936821487,
    2.616451130642883,
    1.052150685306196,
    2.969361661050397,
    0.11620710567233283,
    -0.06792478493910492,
    1.44013193021887,
    -0.26745647645298654,
    -0.4618028274828547,
    2.4145556372062034,
    1.9067196878708446,
    0.01025327621250538,
    1.402483724845606,
    2.659976023238679,
    2.1542812192420078,
    2.3709452189086235,
    0.9662919482086547,
    -2.154740367483081,
    -3.0747407524525965,
    -2.5930406407913966,
    -3.097135845950752,
    -2.5553369475768735,
    0.25177537158762764,
    -2.5565042041984194,
    2.5450627146620963,
    -2.5329632196403438,
    -0.7562428882542793,
    -2.4014110453942283,
    2.5432124153853053,
    -3.0328218483052134,
    0.6448756414179884,
    -1.4169005620054722,
    -0.9560115468085884,
    -0.5732784103407313,
    2.1646648828811275,
    -0.6324437683619726,
    1.0201745095729562,
    2.2395832808714644,
    0.22841047447941953,
    -1.2608478636244487
  ],
  "opt_path": [
    0.13760000000003964,
    0.3184000000000291
  ],
  "params_path": [
    [
      4.13131544614183,
      -1.0063021810949868,
      -1.9119264937783027,
      2.2110451443175805,
      -0.5242612554119339,
      1.3276132852194893,
      0.6806071709901143,
      1.591598188728824,
      0.695670697811059,
      0.24271708386292978,
      -2.5808002046820078,
      1.4200612905182703,
      0.49185490113177366,
      -0.0017567262839595088,
      0.6532424348320562,
      -2.871880342720811,
      1.7834433232787124,
      2.631902397113458,
      -2.113622772363562,
      -0.17059311344335137,
      -1.5481939936821487,
      2.616451130642883,
      1.052150685306196,
      2.969361661050397,
      0.11620710567233283,
      -0.06792478493910492,
      1.44013193021887,
      -0.26745647645298654,
      -0.4618028274828547,
      2.4145556372062034,
      1.9067196878708446,
      0.01025327621250538,
      1.402483724845606,
      2.659976023238679,
      2.1542812192420078,
      2.3709452189086235,
      0.9662919482086547,
      -2.154740367483081,
      -3.0747407524525965,
      -2.5930406407913966,
      -3.097135845950752,
      -2.5553369475768735,
      0.25177537158762764,
      -2.5565042041984194,
      2.5450627146620963,
      -2.5329632196403438,
      -0.7562428882542793,
      -2.4014110453942283,
      2.5432124153853053,
      -3.0328218483052134,
      0.6448756414179884,
      -1.4169005620054722,
      -0.9560115468085884,
      -0.5732784103407313,
      2.1646648828811275,
      -0.6324437683619726,
      1.0201745095729562,
      2.2395832808714644,
      0.22841047447941953,
      -1.2608478636244487
    ],
    [
      3.13131544614183,
      -1.0063021810949868,
      -1.9119264937783027,
      2.2110451443175805,
      -0.5242612554119339,
      1.3276132852194893,
      0.6806071709901143,
      1.591598188728824,
      0.695670697811059,
      0.24271708386292978,
      -2.5808002046820078,
      1.4200612905182703,
      0.49185490113177366,
      -0.0017567262839595088,
      0.6532424348320562,
      -2.871880342720811,
      1.7834433232787124,
      2.631902397113458,
      -2.113622772363562,
      -0.17059311344335137,
      -1.5481939936821487,
      2.616451130642883,
      1.052150685306196,
      2.969361661050397,
      0.11620710567233283,
      -0.06792478493910492,
      1.44013193021887,
      -0.26745647645298654,
      -0.4618028274828547,
      2.4145556372062034,
      1.9067196878708446,
      0.01025327621250538,
      1.402483724845606,
      2.659976023238679,
      2.1542812192420078,
      2.3709452189086235,
      0.9662919482086547,
      -2.154740367483081,
      -3.0747407524525965,
      -2.5930406407913966,
      -3.097135845950752,
      -2.5553369475768735,
      0.25177537158762764,
      -2.5565042041984194,
      2.5450627146620963,
      -2.5329632196403438,
      -0.7562428882542793,
      -2.4014110453942283,
      2.5432124153853053,
      -3.0328218483052134,
      0.6448756414179884,
      -1.4169005620054722,
      -0.9560115468085884,
      -0.5732784103407313,
      2.1646648828811275,
      -0.6324437683619726,
      1.0201745095729562,
      2.2395832808714644,
      0.22841047447941953,
      -1.2608478636244487
    ]
  ],
  "time_taken": 1064.8550906181335,
  "n_steps": 2,
  "simulation_time": 993.7866616249084
}