{
  "best_cost": 1.0712000000000015,
  "best_params": [
    0.25552662555564165,
    -1.447564852503716,
    -2.2619648300737034,
    0.20249293117722855,
    -1.182807879167269,
    -0.4718608666624604,
    2.626283794970928,
    -2.7708247189265416,
    2.6609196910671473,
    1.4690716120509597,
    1.2448409067841126,
    0.6544588300457055,
    1.036049950250936,
    1.6550508268638229,
    -0.2929460332171341,
    0.23768468975341106,
    -1.6563733332421096,
    2.805007201235301,
    -0.20498555501320093,
    1.513105300689296,
    2.985428122547848,
    -0.49079772512368036,
    -2.8358280244166987,
    1.3512763881197305,
    -1.0933421318529746,
    -1.459931623423512,
    1.158947197492263,
    1.5133418834025907,
    1.2748363928684388,
    -1.9626276778505956,
    0.23840630622737935,
    2.2962399523690316,
    -1.0183854732271054,
    -2.8539512480127733,
    1.185148820890224,
    2.992623288716599
  ],
  "opt_path": [
    1.1160000000000005,
    1.0712000000000015
  ],
  "params_path": [
    [
      1.2555266255556417,
      -1.447564852503716,
      -2.2619648300737034,
      0.20249293117722855,
      -1.182807879167269,
      -0.4718608666624604,
      2.626283794970928,
      -2.7708247189265416,
      2.6609196910671473,
      1.4690716120509597,
      1.2448409067841126,
      0.6544588300457055,
      1.036049950250936,
      1.6550508268638229,
      -0.2929460332171341,
      0.23768468975341106,
      -1.6563733332421096,
      2.805007201235301,
      -0.20498555501320093,
      1.513105300689296,
      2.985428122547848,
      -0.49079772512368036,
      -2.8358280244166987,
      1.3512763881197305,
      -1.0933421318529746,
      -1.459931623423512,
      1.158947197492263,
      1.5133418834025907,
      1.2748363928684388,
      -1.9626276778505956,
      0.23840630622737935,
      2.2962399523690316,
      -1.0183854732271054,
      -2.8539512480127733,
      1.185148820890224,
      2.992623288716599
    ],
    [
      0.25552662555564165,
      -1.447564852503716,
      -2.2619648300737034,
      0.20249293117722855,
      -1.182807879167269,
      -0.4718608666624604,
      2.626283794970928,
      -2.7708247189265416,
      2.6609196910671473,
      1.4690716120509597,
      1.2448409067841126,
      0.6544588300457055,
      1.036049950250936,
      1.6550508268638229,
      -0.2929460332171341,
      0.23768468975341106,
      -1.6563733332421096,
      2.805007201235301,
      -0.20498555501320093,
      1.513105300689296,
      2.985428122547848,
      -0.49079772512368036,
      -2.8358280244166987,
      1.3512763881197305,
      -1.0933421318529746,
      -1.459931623423512,
      1.158947197492263,
      1.5133418834025907,
      1.2748363928684388,
      -1.9626276778505956,
      0.23840630622737935,
      2.2962399523690316,
      -1.0183854732271054,
      -2.8539512480127733,
      1.185148820890224,
      2.992623288716599
    ]
  ],
  "time_taken": 39.09323501586914,
  "n_steps": 2,
  "simulation_time": 36.71455001831055
}