{
  "best_cost": -1.3476,
  "best_params": [
    0.683029559883169,
    -2.2860933616269365,
    -1.623720088434334,
    2.426066585919278,
    1.6801370662975428,
    -0.7640579352668064,
    -1.2341066988529705,
    -0.9027694917168421,
    -2.829372833825876,
    2.1752985152298328,
    -1.608671845821344,
    2.2737976107806794,
    -1.9142061769561647,
    1.9585552560896256,
    0.12149767383658094,
    -1.8857568674128458
  ],
  "opt_path": [
    -1.3892000000000002,
    -1.3476
  ],
  "params_path": [
    [
      1.683029559883169,
      -2.2860933616269365,
      -1.623720088434334,
      2.426066585919278,
      1.6801370662975428,
      -0.7640579352668064,
      -1.2341066988529705,
      -0.9027694917168421,
      -2.829372833825876,
      2.1752985152298328,
      -1.608671845821344,
      2.2737976107806794,
      -1.9142061769561647,
      1.9585552560896256,
      0.12149767383658094,
      -1.8857568674128458
    ],
    [
      0.683029559883169,
      -2.2860933616269365,
      -1.623720088434334,
      2.426066585919278,
      1.6801370662975428,
      -0.7640579352668064,
      -1.2341066988529705,
      -0.9027694917168421,
      -2.829372833825876,
      2.1752985152298328,
      -1.608671845821344,
      2.2737976107806794,
      -1.9142061769561647,
      1.9585552560896256,
      0.12149767383658094,
      -1.8857568674128458
    ]
  ],
  "time_taken": 1.7872323989868164,
  "n_steps": 2,
  "simulation_time": 1.7376878261566162
}