{
  "best_cost": 0.08720000000000103,
  "best_params": [
    2.4198984101076144,
    1.7389518273505589,
    2.41840925624159,
    -0.06721252237120678,
    2.100178574692661,
    -2.0889930322958814,
    -0.8498421600130683,
    -1.1517278609235055,
    1.4295162685467346,
    -2.4356750026070455,
    0.7292204363139159,
    -2.195156865793468,
    0.24602127387873907,
    -1.4034038326206555,
    -3.0158168313317137,
    -1.6129463055296966,
    0.15677076398105827,
    1.6196781866039895,
    2.9041644688683563,
    0.3022126020577631,
    2.40288387921549,
    -0.006062239551709148,
    0.6818421094163676,
    2.652775905517302,
    -1.405307545139607,
    2.772419684879594,
    -0.9069748863746434,
    -1.164396702239958,
    0.17604511371231224,
    -1.5751312582934534,
    -2.3172750625440153,
    2.5166452349772017,
    -1.3898805503696443,
    2.8478703589583034,
    -0.838197191917101,
    -1.077251170938795,
    2.131425203529357,
    1.0196000553831084,
    1.6327292736440278,
    -0.5872757698939197,
    -0.3144381889000947,
    2.269863210978241,
    -0.7561383022852941,
    -0.5444262426618378,
    0.04002263988606192,
    1.547008453931265,
    -2.4523134119501706,
    -1.9655595549728402
  ],
  "opt_path": [
    -0.021999999999999992,
    0.08720000000000103
  ],
  "params_path": [
    [
      3.4198984101076144,
      1.7389518273505589,
      2.41840925624159,
      -0.06721252237120678,
      2.100178574692661,
      -2.0889930322958814,
      -0.8498421600130683,
      -1.1517278609235055,
      1.4295162685467346,
      -2.4356750026070455,
      0.7292204363139159,
      -2.195156865793468,
      0.24602127387873907,
      -1.4034038326206555,
      -3.0158168313317137,
      -1.6129463055296966,
      0.15677076398105827,
      1.6196781866039895,
      2.9041644688683563,
      0.3022126020577631,
      2.40288387921549,
      -0.006062239551709148,
      0.6818421094163676,
      2.652775905517302,
      -1.405307545139607,
      2.772419684879594,
      -0.9069748863746434,
      -1.164396702239958,
      0.17604511371231224,
      -1.5751312582934534,
      -2.3172750625440153,
      2.5166452349772017,
      -1.3898805503696443,
      2.8478703589583034,
      -0.838197191917101,
      -1.077251170938795,
      2.131425203529357,
      1.0196000553831084,
      1.6327292736440278,
      -0.5872757698939197,
      -0.3144381889000947,
      2.269863210978241,
      -0.7561383022852941,
      -0.5444262426618378,
      0.04002263988606192,
      1.547008453931265,
      -2.4523134119501706,
      -1.9655595549728402
    ],
    [
      2.4198984101076144,
      1.7389518273505589,
      2.41840925624159,
      -0.06721252237120678,
      2.100178574692661,
      -2.0889930322958814,
      -0.8498421600130683,
      -1.1517278609235055,
      1.4295162685467346,
      -2.4356750026070455,
      0.7292204363139159,
      -2.195156865793468,
      0.24602127387873907,
      -1.4034038326206555,
      -3.0158168313317137,
      -1.6129463055296966,
      0.15677076398105827,
      1.6196781866039895,
      2.9041644688683563,
      0.3022126020577631,
      2.40288387921549,
      -0.006062239551709148,
      0.6818421094163676,
      2.652775905517302,
      -1.405307545139607,
      2.772419684879594,
      -0.9069748863746434,
      -1.164396702239958,
      0.17604511371231224,
      -1.5751312582934534,
      -2.3172750625440153,
      2.5166452349772017,
      -1.3898805503696443,
      2.8478703589583034,
      -0.838197191917101,
      -1.077251170938795,
      2.131425203529357,
      1.0196000553831084,
      1.6327292736440278,
      -0.5872757698939197,
      -0.3144381889000947,
      2.269863210978241,
      -0.7561383022852941,
      -0.5444262426618378,
      0.04002263988606192,
      1.547008453931265,
      -2.4523134119501706,
      -1.9655595549728402
    ]
  ],
  "time_taken": 394.47797894477844,
  "n_steps": 2,
  "simulation_time": 371.4652271270752
}