{
  "best_cost": -0.5123999999999955,
  "best_params": [
    -0.5726471459940154,
    0.005207512913168788,
    0.277162747815896,
    0.7617470618595217,
    0.604291513944117,
    0.48596033913350567,
    -0.5822124072280008,
    -1.0065699989920178,
    -2.611152741621333,
    -0.7944037814082963,
    1.6378162934588003,
    1.7316288827047916,
    0.1604744792226489,
    1.2678866121535464,
    2.464372904993147,
    -2.6590883880539224,
    1.0197496842220364,
    2.9401381251698036,
    -1.3126880251500805,
    1.8259447066559646,
    -0.12986521536075468,
    1.2442678373402218,
    1.1664732169895506,
    0.27117931755490465,
    0.8153831297175334,
    1.9055360465617728,
    -2.4516719464111203,
    1.9816515094637328,
    -0.9248708479373597,
    -3.140659938634037,
    -2.7345252232520005,
    -0.02028669274062933,
    0.4276609146489361,
    3.043378817864136,
    0.2694913639606833,
    -2.210329048280899,
    2.285218454938626,
    -1.365685120627687,
    1.5974940707663565,
    -0.36675032981371736,
    0.8037479576251556,
    -0.3350305108387781,
    -1.5960600435414194,
    2.855656972507675,
    -3.0992557035352997,
    -2.4869120746411033,
    2.8544435194216886,
    -2.266830204775716,
    0.747307550131096,
    1.756400136430373,
    -0.3130094425285126,
    -2.003874044597502,
    -2.8642963774649326,
    -2.734199620097303,
    0.005376999736042887,
    -0.9012500336144003,
    0.03283698390617129,
    1.2702147426335504,
    1.0906433857802558,
    0.5684123131633112,
    -1.8751536561538573,
    1.0145403493778362,
    -2.5111154200856696,
    -3.0988725205816428
  ],
  "opt_path": [
    -0.5023999999999953,
    -0.5123999999999955
  ],
  "params_path": [
    [
      0.42735285400598455,
      0.005207512913168788,
      0.277162747815896,
      0.7617470618595217,
      0.604291513944117,
      0.48596033913350567,
      -0.5822124072280008,
      -1.0065699989920178,
      -2.611152741621333,
      -0.7944037814082963,
      1.6378162934588003,
      1.7316288827047916,
      0.1604744792226489,
      1.2678866121535464,
      2.464372904993147,
      -2.6590883880539224,
      1.0197496842220364,
      2.9401381251698036,
      -1.3126880251500805,
      1.8259447066559646,
      -0.12986521536075468,
      1.2442678373402218,
      1.1664732169895506,
      0.27117931755490465,
      0.8153831297175334,
      1.9055360465617728,
      -2.4516719464111203,
      1.9816515094637328,
      -0.9248708479373597,
      -3.140659938634037,
      -2.7345252232520005,
      -0.02028669274062933,
      0.4276609146489361,
      3.043378817864136,
      0.2694913639606833,
      -2.210329048280899,
      2.285218454938626,
      -1.365685120627687,
      1.5974940707663565,
      -0.36675032981371736,
      0.8037479576251556,
      -0.3350305108387781,
      -1.5960600435414194,
      2.855656972507675,
      -3.0992557035352997,
      -2.4869120746411033,
      2.8544435194216886,
      -2.266830204775716,
      0.747307550131096,
      1.756400136430373,
      -0.3130094425285126,
      -2.003874044597502,
      -2.8642963774649326,
      -2.734199620097303,
      0.005376999736042887,
      -0.9012500336144003,
      0.03283698390617129,
      1.2702147426335504,
      1.0906433857802558,
      0.5684123131633112,
      -1.8751536561538573,
      1.0145403493778362,
      -2.5111154200856696,
      -3.0988725205816428
    ],
    [
      -0.5726471459940154,
      0.005207512913168788,
      0.277162747815896,
      0.7617470618595217,
      0.604291513944117,
      0.48596033913350567,
      -0.5822124072280008,
      -1.0065699989920178,
      -2.611152741621333,
      -0.7944037814082963,
      1.6378162934588003,
      1.7316288827047916,
      0.1604744792226489,
      1.2678866121535464,
      2.464372904993147,
      -2.6590883880539224,
      1.0197496842220364,
      2.9401381251698036,
      -1.3126880251500805,
      1.8259447066559646,
      -0.12986521536075468,
      1.2442678373402218,
      1.1664732169895506,
      0.27117931755490465,
      0.8153831297175334,
      1.9055360465617728,
      -2.4516719464111203,
      1.9816515094637328,
      -0.9248708479373597,
      -3.140659938634037,
      -2.7345252232520005,
      -0.02028669274062933,
      0.4276609146489361,
      3.043378817864136,
      0.2694913639606833,
      -2.210329048280899,
      2.285218454938626,
      -1.365685120627687,
      1.5974940707663565,
      -0.36675032981371736,
      0.8037479576251556,
      -0.3350305108387781,
      -1.5960600435414194,
      2.855656972507675,
      -3.0992557035352997,
      -2.4869120746411033,
      2.8544435194216886,
      -2.266830204775716,
      0.747307550131096,
      1.756400136430373,
      -0.3130094425285126,
      -2.003874044597502,
      -2.8642963774649326,
      -2.734199620097303,
      0.005376999736042887,
      -0.9012500336144003,
      0.03283698390617129,
      1.2702147426335504,
      1.0906433857802558,
      0.5684123131633112,
      -1.8751536561538573,
      1.0145403493778362,
      -2.5111154200856696,
      -3.0988725205816428
    ]
  ],
  "time_taken": 2225.62318277359,
  "n_steps": 2,
  "simulation_time": 2139.0524005889893
}