{
  "best_cost": -0.7108000000000005,
  "best_params": [
    -1.096716175266761,
    2.832555866450347,
    2.172914733569928,
    0.1504622579630115,
    0.7452929265490775,
    -1.3300511010828635,
    -1.6243229630645346,
    -1.8045533177935222,
    1.5924710668004067,
    1.78357755262702,
    0.5405089615584617,
    -1.5209657277534516,
    0.4696318825479997,
    -1.2089768651351362,
    1.4746672968977421,
    0.08803897621261392,
    2.666535464908115,
    1.2953657859900662,
    -1.589023544467644,
    1.9162540764683627
  ],
  "opt_path": [
    -0.8131999999999995,
    -0.7108000000000005
  ],
  "params_path": [
    [
      -0.0967161752667609,
      2.832555866450347,
      2.172914733569928,
      0.1504622579630115,
      0.7452929265490775,
      -1.3300511010828635,
      -1.6243229630645346,
      -1.8045533177935222,
      1.5924710668004067,
      1.78357755262702,
      0.5405089615584617,
      -1.5209657277534516,
      0.4696318825479997,
      -1.2089768651351362,
      1.4746672968977421,
      0.08803897621261392,
      2.666535464908115,
      1.2953657859900662,
      -1.589023544467644,
      1.9162540764683627
    ],
    [
      -1.096716175266761,
      2.832555866450347,
      2.172914733569928,
      0.1504622579630115,
      0.7452929265490775,
      -1.3300511010828635,
      -1.6243229630645346,
      -1.8045533177935222,
      1.5924710668004067,
      1.78357755262702,
      0.5405089615584617,
      -1.5209657277534516,
      0.4696318825479997,
      -1.2089768651351362,
      1.4746672968977421,
      0.08803897621261392,
      2.666535464908115,
      1.2953657859900662,
      -1.589023544467644,
      1.9162540764683627
    ]
  ],
  "time_taken": 2.8179867267608643,
  "n_steps": 2,
  "simulation_time": 2.720442295074463
}