{
  "best_cost": 0.4343999999999998,
  "best_params": [
    1.2292360560100901,
    -1.6309579816733024,
    -1.1463696699852297,
    -0.38358411318135843,
    1.3648794320375446,
    1.7293180236950212,
    -0.16416249650298775,
    0.4561272369881588,
    1.7364061319930304,
    1.875364872999599,
    0.6296836534957806,
    0.8921100568062572,
    -2.4512672792464336,
    2.330811038573998,
    -1.7365000984630454,
    -1.3726024065102782,
    -2.033974828410881,
    2.26277679384882,
    -1.8487736435838962,
    0.43879362100468144,
    -0.5566333624602935,
    -0.6956090336523313,
    -2.226140920450896,
    -0.9090918397960714,
    -0.0010975047592900466,
    1.191783683085749,
    -0.7313665843554382,
    2.118168868385463,
    -0.41322819289118806,
    -0.6242442662939114,
    -0.2936074481570521,
    1.0767518924773185
  ],
  "opt_path": [
    0.2548000000000001,
    0.4343999999999998
  ],
  "params_path": [
    [
      2.22923605601009,
      -1.6309579816733024,
      -1.1463696699852297,
      -0.38358411318135843,
      1.3648794320375446,
      1.7293180236950212,
      -0.16416249650298775,
      0.4561272369881588,
      1.7364061319930304,
      1.875364872999599,
      0.6296836534957806,
      0.8921100568062572,
      -2.4512672792464336,
      2.330811038573998,
      -1.7365000984630454,
      -1.3726024065102782,
      -2.033974828410881,
      2.26277679384882,
      -1.8487736435838962,
      0.43879362100468144,
      -0.5566333624602935,
      -0.6956090336523313,
      -2.226140920450896,
      -0.9090918397960714,
      -0.0010975047592900466,
      1.191783683085749,
      -0.7313665843554382,
      2.118168868385463,
      -0.41322819289118806,
      -0.6242442662939114,
      -0.2936074481570521,
      1.0767518924773185
    ],
    [
      1.2292360560100901,
      -1.6309579816733024,
      -1.1463696699852297,
      -0.38358411318135843,
      1.3648794320375446,
      1.7293180236950212,
      -0.16416249650298775,
      0.4561272369881588,
      1.7364061319930304,
      1.875364872999599,
      0.6296836534957806,
      0.8921100568062572,
      -2.4512672792464336,
      2.330811038573998,
      -1.7365000984630454,
      -1.3726024065102782,
      -2.033974828410881,
      2.26277679384882,
      -1.8487736435838962,
      0.43879362100468144,
      -0.5566333624602935,
      -0.6956090336523313,
      -2.226140920450896,
      -0.9090918397960714,
      -0.0010975047592900466,
      1.191783683085749,
      -0.7313665843554382,
      2.118168868385463,
      -0.41322819289118806,
      -0.6242442662939114,
      -0.2936074481570521,
      1.0767518924773185
    ]
  ],
  "time_taken": 18.807709455490112,
  "n_steps": 2,
  "simulation_time": 17.76258420944214
}