{
  "best_cost": 0.1871999999999766,
  "best_params": [
    -1.9251391657592047,
    -1.0001892170798765,
    2.36025386357689,
    -1.5788206438945143,
    -2.4748773094623915,
    -1.4024649049915847,
    -0.516441277141579,
    2.410185927257679,
    -2.2001749639967905,
    -2.7623063179596237,
    -1.3371421736004705,
    -2.9357500605224023,
    -2.837145781239541,
    1.1292856709289634,
    2.9109101944538986,
    1.3864041598909642,
    -0.70838107227432,
    1.6799770180832416,
    -2.9901518927640627,
    -2.3472462942799788,
    2.1278599535754106,
    2.073353795333486,
    -2.1616085021094316,
    1.0054304332969082,
    1.958924216955734,
    2.8754540301091662,
    1.6796131668364636,
    -3.002930359424265,
    0.3542511856696873,
    -0.6118918506214523,
    1.4732005383705342,
    -1.3042437694583153,
    0.20210478203818383,
    2.530539373202938,
    0.22368067379012313,
    0.5421824758652631,
    -3.113113816157012,
    1.9911246016074884,
    2.2062990210113247,
    0.42473599853348176,
    -0.39326853872526435,
    -2.0059514492440806,
    -1.5753112411697014,
    1.2334123735967717,
    -0.9977774640595527,
    2.1573542741379006,
    -1.1987469620090585,
    -2.528216301526683,
    -2.9087284373950864,
    -0.4515716568648247,
    0.7256119025056607,
    -1.9694735257059206
  ],
  "opt_path": [
    0.05279999999997653,
    0.1871999999999766
  ],
  "params_path": [
    [
      -0.9251391657592047,
      -1.0001892170798765,
      2.36025386357689,
      -1.5788206438945143,
      -2.4748773094623915,
      -1.4024649049915847,
      -0.516441277141579,
      2.410185927257679,
      -2.2001749639967905,
      -2.7623063179596237,
      -1.3371421736004705,
      -2.9357500605224023,
      -2.837145781239541,
      1.1292856709289634,
      2.9109101944538986,
      1.3864041598909642,
      -0.70838107227432,
      1.6799770180832416,
      -2.9901518927640627,
      -2.3472462942799788,
      2.1278599535754106,
      2.073353795333486,
      -2.1616085021094316,
      1.0054304332969082,
      1.958924216955734,
      2.8754540301091662,
      1.6796131668364636,
      -3.002930359424265,
      0.3542511856696873,
      -0.6118918506214523,
      1.4732005383705342,
      -1.3042437694583153,
      0.20210478203818383,
      2.530539373202938,
      0.22368067379012313,
      0.5421824758652631,
      -3.113113816157012,
      1.9911246016074884,
      2.2062990210113247,
      0.42473599853348176,
      -0.39326853872526435,
      -2.0059514492440806,
      -1.5753112411697014,
      1.2334123735967717,
      -0.9977774640595527,
      2.1573542741379006,
      -1.1987469620090585,
      -2.528216301526683,
      -2.9087284373950864,
      -0.4515716568648247,
      0.7256119025056607,
      -1.9694735257059206
    ],
    [
      -1.9251391657592047,
      -1.0001892170798765,
      2.36025386357689,
      -1.5788206438945143,
      -2.4748773094623915,
      -1.4024649049915847,
      -0.516441277141579,
      2.410185927257679,
      -2.2001749639967905,
      -2.7623063179596237,
      -1.3371421736004705,
      -2.9357500605224023,
      -2.837145781239541,
      1.1292856709289634,
      2.9109101944538986,
      1.3864041598909642,
      -0.70838107227432,
      1.6799770180832416,
      -2.9901518927640627,
      -2.3472462942799788,
      2.1278599535754106,
      2.073353795333486,
      -2.1616085021094316,
      1.0054304332969082,
      1.958924216955734,
      2.8754540301091662,
      1.6796131668364636,
      -3.002930359424265,
      0.3542511856696873,
      -0.6118918506214523,
      1.4732005383705342,
      -1.3042437694583153,
      0.20210478203818383,
      2.530539373202938,
      0.22368067379012313,
      0.5421824758652631,
      -3.113113816157012,
      1.9911246016074884,
      2.2062990210113247,
      0.42473599853348176,
      -0.39326853872526435,
      -2.0059514492440806,
      -1.5753112411697014,
      1.2334123735967717,
      -0.9977774640595527,
      2.1573542741379006,
      -1.1987469620090585,
      -2.528216301526683,
      -2.9087284373950864,
      -0.4515716568648247,
      0.7256119025056607,
      -1.9694735257059206
    ]
  ],
  "time_taken": 855.4831955432892,
  "n_steps": 2,
  "simulation_time": 818.5747368335724
}