{
  "best_cost": -0.21799999999999756,
  "best_params": [
    1.806113253782815,
    -2.3816373755523803,
    -2.792332284659724,
    2.5980263000676773,
    2.948454794178862,
    0.818328476872543,
    -2.847391123555208,
    2.7351470242138776,
    2.499754820413634,
    2.4455625677815185,
    -1.9111947378575243,
    -1.1988789937932784,
    -2.1427088505940137,
    2.046080379254625,
    -0.8241547633579862,
    -0.6665302978401755,
    2.948129586808464,
    3.03132136931176,
    -1.3309942663253451,
    -2.013294790805249,
    -1.32331211486451,
    -3.1265661828664846,
    0.35580690730322306,
    1.1099987489116216,
    -0.1382544834031978,
    1.6003407659388458,
    -1.7510910863406122,
    1.0894188931564024,
    1.1214865745815903,
    -0.3226241969924293,
    0.5214154935788091,
    0.33783310856556836,
    -0.09311460669626825,
    2.4713506800251617,
    -0.6849232062330706,
    -2.2066700518105504,
    0.7969948037047012,
    -2.699115494563786,
    0.13199745575377575,
    2.21644536778045,
    0.6092347445937221,
    -2.317212969216495,
    0.7633548792795244,
    3.05864938701679,
    2.4259574898268914,
    1.13029858134683,
    0.34229012841108775,
    -0.2972851867225823,
    1.1598380971012778,
    2.708006795597833,
    0.9947333740812958,
    1.874959300084548,
    -2.391522533504536,
    -2.8061442852046454,
    -0.28091004739474323,
    0.9164100918653668
  ],
  "opt_path": [
    -0.29280000000000084,
    -0.21799999999999756
  ],
  "params_path": [
    [
      2.806113253782815,
      -2.3816373755523803,
      -2.792332284659724,
      2.5980263000676773,
      2.948454794178862,
      0.818328476872543,
      -2.847391123555208,
      2.7351470242138776,
      2.499754820413634,
      2.4455625677815185,
      -1.9111947378575243,
      -1.1988789937932784,
      -2.1427088505940137,
      2.046080379254625,
      -0.8241547633579862,
      -0.6665302978401755,
      2.948129586808464,
      3.03132136931176,
      -1.3309942663253451,
      -2.013294790805249,
      -1.32331211486451,
      -3.1265661828664846,
      0.35580690730322306,
      1.1099987489116216,
      -0.1382544834031978,
      1.6003407659388458,
      -1.7510910863406122,
      1.0894188931564024,
      1.1214865745815903,
      -0.3226241969924293,
      0.5214154935788091,
      0.33783310856556836,
      -0.09311460669626825,
      2.4713506800251617,
      -0.6849232062330706,
      -2.2066700518105504,
      0.7969948037047012,
      -2.699115494563786,
      0.13199745575377575,
      2.21644536778045,
      0.6092347445937221,
      -2.317212969216495,
      0.7633548792795244,
      3.05864938701679,
      2.4259574898268914,
      1.13029858134683,
      0.34229012841108775,
      -0.2972851867225823,
      1.1598380971012778,
      2.708006795597833,
      0.9947333740812958,
      1.874959300084548,
      -2.391522533504536,
      -2.8061442852046454,
      -0.28091004739474323,
      0.9164100918653668
    ],
    [
      1.806113253782815,
      -2.3816373755523803,
      -2.792332284659724,
      2.5980263000676773,
      2.948454794178862,
      0.818328476872543,
      -2.847391123555208,
      2.7351470242138776,
      2.499754820413634,
      2.4455625677815185,
      -1.9111947378575243,
      -1.1988789937932784,
      -2.1427088505940137,
      2.046080379254625,
      -0.8241547633579862,
      -0.6665302978401755,
      2.948129586808464,
      3.03132136931176,
      -1.3309942663253451,
      -2.013294790805249,
      -1.32331211486451,
      -3.1265661828664846,
      0.35580690730322306,
      1.1099987489116216,
      -0.1382544834031978,
      1.6003407659388458,
      -1.7510910863406122,
      1.0894188931564024,
      1.1214865745815903,
      -0.3226241969924293,
      0.5214154935788091,
      0.33783310856556836,
      -0.09311460669626825,
      2.4713506800251617,
      -0.6849232062330706,
      -2.2066700518105504,
      0.7969948037047012,
      -2.699115494563786,
      0.13199745575377575,
      2.21644536778045,
      0.6092347445937221,
      -2.317212969216495,
      0.7633548792795244,
      3.05864938701679,
      2.4259574898268914,
      1.13029858134683,
      0.34229012841108775,
      -0.2972851867225823,
      1.1598380971012778,
      2.708006795597833,
      0.9947333740812958,
      1.874959300084548,
      -2.391522533504536,
      -2.8061442852046454,
      -0.28091004739474323,
      0.9164100918653668
    ]
  ],
  "time_taken": 1866.8138535022736,
  "n_steps": 2,
  "simulation_time": 1812.8847615718842
}