{
  "best_cost": 0.9288000000000001,
  "best_params": [
    1.6986103507418804,
    0.6107725546333005,
    1.8348775332857645,
    0.6245508634898016,
    -3.0206751124904767,
    -1.3372885336287954,
    3.0645028505922633,
    1.088071395691192
  ],
  "opt_path": [
    0.8908000000000001,
    0.9288000000000001
  ],
  "params_path": [
    [
      2.6986103507418804,
      0.6107725546333005,
      1.8348775332857645,
      0.6245508634898016,
      -3.0206751124904767,
      -1.3372885336287954,
      3.0645028505922633,
      1.088071395691192
    ],
    [
      1.6986103507418804,
      0.6107725546333005,
      1.8348775332857645,
      0.6245508634898016,
      -3.0206751124904767,
      -1.3372885336287954,
      3.0645028505922633,
      1.088071395691192
    ]
  ],
  "time_taken": 0.9343254566192627,
  "n_steps": 2,
  "simulation_time": 0.9129469394683838
}