{
  "best_cost": -0.7419999999999936,
  "best_params": [
    -1.0911312582895887,
    -1.5526256955305109,
    -1.404165370986191,
    -2.6380665046538194,
    0.6637513856130108,
    -0.6997412355334194,
    -0.2058727828707223,
    0.38208562566297655,
    -2.3043391235995587,
    2.846256264414789,
    2.8648718968321676,
    0.8703987836481204,
    -2.8677807943699616,
    0.17356398202260737,
    2.9263903170921237,
    0.7880467914131524,
    0.3896650890220066,
    1.3871377480603586,
    0.6317115692744029,
    2.7128057894435855,
    -1.5299969393410031,
    -3.1190975333060282,
    -1.7627098267597257,
    2.1645398707965944,
    -1.7591653231058832,
    -2.36223912881424,
    -1.6139644385763747,
    -0.8119188974126175,
    -2.964183632833289,
    -1.6196718367628136,
    -2.2192628963370975,
    2.1549556776226373,
    1.0495343021601737,
    -2.8926705607119243,
    0.27825099582425983,
    -1.3255691362812645,
    2.081614121022821,
    -1.0976779050990575,
    2.8988772753234997,
    1.4970968521829073,
    0.5564166061951386,
    2.9113736538362067,
    1.4384481091316408,
    -0.11348994322272166
  ],
  "opt_path": [
    -0.7567999999999928,
    -0.7419999999999936
  ],
  "params_path": [
    [
      -0.09113125828958868,
      -1.5526256955305109,
      -1.404165370986191,
      -2.6380665046538194,
      0.6637513856130108,
      -0.6997412355334194,
      -0.2058727828707223,
      0.38208562566297655,
      -2.3043391235995587,
      2.846256264414789,
      2.8648718968321676,
      0.8703987836481204,
      -2.8677807943699616,
      0.17356398202260737,
      2.9263903170921237,
      0.7880467914131524,
      0.3896650890220066,
      1.3871377480603586,
      0.6317115692744029,
      2.7128057894435855,
      -1.5299969393410031,
      -3.1190975333060282,
      -1.7627098267597257,
      2.1645398707965944,
      -1.7591653231058832,
      -2.36223912881424,
      -1.6139644385763747,
      -0.8119188974126175,
      -2.964183632833289,
      -1.6196718367628136,
      -2.2192628963370975,
      2.1549556776226373,
      1.0495343021601737,
      -2.8926705607119243,
      0.27825099582425983,
      -1.3255691362812645,
      2.081614121022821,
      -1.0976779050990575,
      2.8988772753234997,
      1.4970968521829073,
      0.5564166061951386,
      2.9113736538362067,
      1.4384481091316408,
      -0.11348994322272166
    ],
    [
      -1.0911312582895887,
      -1.5526256955305109,
      -1.404165370986191,
      -2.6380665046538194,
      0.6637513856130108,
      -0.6997412355334194,
      -0.2058727828707223,
      0.38208562566297655,
      -2.3043391235995587,
      2.846256264414789,
      2.8648718968321676,
      0.8703987836481204,
      -2.8677807943699616,
      0.17356398202260737,
      2.9263903170921237,
      0.7880467914131524,
      0.3896650890220066,
      1.3871377480603586,
      0.6317115692744029,
      2.7128057894435855,
      -1.5299969393410031,
      -3.1190975333060282,
      -1.7627098267597257,
      2.1645398707965944,
      -1.7591653231058832,
      -2.36223912881424,
      -1.6139644385763747,
      -0.8119188974126175,
      -2.964183632833289,
      -1.6196718367628136,
      -2.2192628963370975,
      2.1549556776226373,
      1.0495343021601737,
      -2.8926705607119243,
      0.27825099582425983,
      -1.3255691362812645,
      2.081614121022821,
      -1.0976779050990575,
      2.8988772753234997,
      1.4970968521829073,
      0.5564166061951386,
      2.9113736538362067,
      1.4384481091316408,
      -0.11348994322272166
    ]
  ],
  "time_taken": 182.54936337471008,
  "n_steps": 2,
  "simulation_time": 171.50486278533936
}