{
  "best_cost": -0.4599999999999996,
  "best_params": [
    0.9623108244699301,
    -0.10274710754094185,
    -0.7816734555585803,
    -2.6244513131792306,
    -2.326671402477185,
    -1.5362212442487355,
    -0.6374241197450501,
    1.9691661220249976,
    0.6340767801225615,
    -0.6645420787148204,
    1.306402852526487,
    3.0536357645677343,
    -2.211723296544899,
    3.1335870151334495,
    -0.028998120541632755,
    1.7937842773201806,
    -0.7012024787143449,
    -0.6558862941848851,
    0.8045720077482046,
    -1.1001944454311108,
    2.4601396977734558,
    -1.200866095726363,
    1.5558852624140806,
    -1.6296313280580021,
    -2.518918361405441,
    -0.0660528342959501,
    -0.1275465060577603,
    1.514458729647857
  ],
  "opt_path": [
    -0.4544000000000001,
    -0.4599999999999996
  ],
  "params_path": [
    [
      1.96231082446993,
      -0.10274710754094185,
      -0.7816734555585803,
      -2.6244513131792306,
      -2.326671402477185,
      -1.5362212442487355,
      -0.6374241197450501,
      1.9691661220249976,
      0.6340767801225615,
      -0.6645420787148204,
      1.306402852526487,
      3.0536357645677343,
      -2.211723296544899,
      3.1335870151334495,
      -0.028998120541632755,
      1.7937842773201806,
      -0.7012024787143449,
      -0.6558862941848851,
      0.8045720077482046,
      -1.1001944454311108,
      2.4601396977734558,
      -1.200866095726363,
      1.5558852624140806,
      -1.6296313280580021,
      -2.518918361405441,
      -0.0660528342959501,
      -0.1275465060577603,
      1.514458729647857
    ],
    [
      0.9623108244699301,
      -0.10274710754094185,
      -0.7816734555585803,
      -2.6244513131792306,
      -2.326671402477185,
      -1.5362212442487355,
      -0.6374241197450501,
      1.9691661220249976,
      0.6340767801225615,
      -0.6645420787148204,
      1.306402852526487,
      3.0536357645677343,
      -2.211723296544899,
      3.1335870151334495,
      -0.028998120541632755,
      1.7937842773201806,
      -0.7012024787143449,
      -0.6558862941848851,
      0.8045720077482046,
      -1.1001944454311108,
      2.4601396977734558,
      -1.200866095726363,
      1.5558852624140806,
      -1.6296313280580021,
      -2.518918361405441,
      -0.0660528342959501,
      -0.1275465060577603,
      1.514458729647857
    ]
  ],
  "time_taken": 8.77154016494751,
  "n_steps": 2,
  "simulation_time": 8.306604623794556
}