{
  "best_cost": -1.0747999999999998,
  "best_params": [
    2.0373887685389773,
    2.146576045613788,
    -3.042107258363903,
    1.0695369584943215,
    -0.3060461212429293,
    2.0434514814728733,
    1.0520755022253505,
    -2.7165088674212754,
    2.1785220578716906,
    -0.6221177311451478,
    1.6901582108121822,
    -2.2630696433876105
  ],
  "opt_path": [
    -1.0368,
    -1.0747999999999998
  ],
  "params_path": [
    [
      3.0373887685389773,
      2.146576045613788,
      -3.042107258363903,
      1.0695369584943215,
      -0.3060461212429293,
      2.0434514814728733,
      1.0520755022253505,
      -2.7165088674212754,
      2.1785220578716906,
      -0.6221177311451478,
      1.6901582108121822,
      -2.2630696433876105
    ],
    [
      2.0373887685389773,
      2.146576045613788,
      -3.042107258363903,
      1.0695369584943215,
      -0.3060461212429293,
      2.0434514814728733,
      1.0520755022253505,
      -2.7165088674212754,
      2.1785220578716906,
      -0.6221177311451478,
      1.6901582108121822,
      -2.2630696433876105
    ]
  ],
  "time_taken": 1.2969121932983398,
  "n_steps": 2,
  "simulation_time": 1.267521619796753
}