{
  "best_cost": 0.11839999999999944,
  "best_params": [
    1.5828484487203847,
    1.4484508037598962,
    -0.20768017459110455,
    -1.9571631695205405,
    -0.40860730280310964,
    -0.1671377574493622,
    2.1667542881916555,
    -0.23635770938632872,
    -0.295667014439557,
    0.22987919011713887,
    -0.7222718381527904,
    1.7905643472723742,
    2.446501774483333,
    -3.0153394489937972,
    2.938205933019871,
    -0.4041242199299986,
    -0.4968527240026206,
    1.3822475458118157,
    -1.0898817406956454,
    -2.7275619987423236,
    -2.446883116641143,
    0.7696634129914766,
    -2.1778250322663113,
    0.7734381654900897,
    -0.9423616899463312,
    -2.5753252218359663,
    -2.762178024317107,
    -1.0850361722573472,
    -2.9306946734099224,
    1.0191550972031305,
    0.5658561385836727,
    0.2054718004494429,
    2.6019836317556226,
    1.2827040979394768,
    0.4203410632778275,
    0.3823567809256656,
    -0.4415705491305113,
    -2.04128510178915,
    1.449334408964023,
    -2.6280041735932036
  ],
  "opt_path": [
    0.08800000000000018,
    0.11839999999999944
  ],
  "params_path": [
    [
      2.5828484487203847,
      1.4484508037598962,
      -0.20768017459110455,
      -1.9571631695205405,
      -0.40860730280310964,
      -0.1671377574493622,
      2.1667542881916555,
      -0.23635770938632872,
      -0.295667014439557,
      0.22987919011713887,
      -0.7222718381527904,
      1.7905643472723742,
      2.446501774483333,
      -3.0153394489937972,
      2.938205933019871,
      -0.4041242199299986,
      -0.4968527240026206,
      1.3822475458118157,
      -1.0898817406956454,
      -2.7275619987423236,
      -2.446883116641143,
      0.7696634129914766,
      -2.1778250322663113,
      0.7734381654900897,
      -0.9423616899463312,
      -2.5753252218359663,
      -2.762178024317107,
      -1.0850361722573472,
      -2.9306946734099224,
      1.0191550972031305,
      0.5658561385836727,
      0.2054718004494429,
      2.6019836317556226,
      1.2827040979394768,
      0.4203410632778275,
      0.3823567809256656,
      -0.4415705491305113,
      -2.04128510178915,
      1.449334408964023,
      -2.6280041735932036
    ],
    [
      1.5828484487203847,
      1.4484508037598962,
      -0.20768017459110455,
      -1.9571631695205405,
      -0.40860730280310964,
      -0.1671377574493622,
      2.1667542881916555,
      -0.23635770938632872,
      -0.295667014439557,
      0.22987919011713887,
      -0.7222718381527904,
      1.7905643472723742,
      2.446501774483333,
      -3.0153394489937972,
      2.938205933019871,
      -0.4041242199299986,
      -0.4968527240026206,
      1.3822475458118157,
      -1.0898817406956454,
      -2.7275619987423236,
      -2.446883116641143,
      0.7696634129914766,
      -2.1778250322663113,
      0.7734381654900897,
      -0.9423616899463312,
      -2.5753252218359663,
      -2.762178024317107,
      -1.0850361722573472,
      -2.9306946734099224,
      1.0191550972031305,
      0.5658561385836727,
      0.2054718004494429,
      2.6019836317556226,
      1.2827040979394768,
      0.4203410632778275,
      0.3823567809256656,
      -0.4415705491305113,
      -2.04128510178915,
      1.449334408964023,
      -2.6280041735932036
    ]
  ],
  "time_taken": 83.33437895774841,
  "n_steps": 2,
  "simulation_time": 78.10573697090149
}