{
  "best_cost": -0.4455999999999999,
  "best_params": [
    -2.852234381267004,
    0.2256682197921256,
    -1.0336974022421233,
    -2.3531791796553296,
    -0.7458090130017978,
    0.5389982279296541,
    2.9307335002440906,
    2.5266032935337686,
    -2.333258643214301,
    -2.9666797007328083,
    0.16379558176492193,
    2.052923317469922,
    -1.9053193079039832,
    2.9932195788827602,
    0.12835287640423898,
    1.301436549254655,
    -2.9833747469202683,
    2.2972698889844425,
    -2.9559368756480846,
    -2.819071866234429,
    3.0648317846040953,
    -1.6384383954427477,
    -1.3452032226069346,
    1.3755730120062513
  ],
  "opt_path": [
    -0.5500000000000007,
    -0.4455999999999999
  ],
  "params_path": [
    [
      -1.852234381267004,
      0.2256682197921256,
      -1.0336974022421233,
      -2.3531791796553296,
      -0.7458090130017978,
      0.5389982279296541,
      2.9307335002440906,
      2.5266032935337686,
      -2.333258643214301,
      -2.9666797007328083,
      0.16379558176492193,
      2.052923317469922,
      -1.9053193079039832,
      2.9932195788827602,
      0.12835287640423898,
      1.301436549254655,
      -2.9833747469202683,
      2.2972698889844425,
      -2.9559368756480846,
      -2.819071866234429,
      3.0648317846040953,
      -1.6384383954427477,
      -1.3452032226069346,
      1.3755730120062513
    ],
    [
      -2.852234381267004,
      0.2256682197921256,
      -1.0336974022421233,
      -2.3531791796553296,
      -0.7458090130017978,
      0.5389982279296541,
      2.9307335002440906,
      2.5266032935337686,
      -2.333258643214301,
      -2.9666797007328083,
      0.16379558176492193,
      2.052923317469922,
      -1.9053193079039832,
      2.9932195788827602,
      0.12835287640423898,
      1.301436549254655,
      -2.9833747469202683,
      2.2972698889844425,
      -2.9559368756480846,
      -2.819071866234429,
      3.0648317846040953,
      -1.6384383954427477,
      -1.3452032226069346,
      1.3755730120062513
    ]
  ],
  "time_taken": 4.559752941131592,
  "n_steps": 2,
  "simulation_time": 4.351541996002197
}