{
  "best_cost": -1.0540000000000003,
  "best_params": [
    1.619646300209046,
    -2.8376867652394355,
    1.5143952411487274,
    2.878967042739691,
    -0.9902355669846827,
    -2.173059427255878,
    -1.9979968336970853,
    0.17868385140913887,
    -0.2535251117533323,
    0.7348728624826666,
    0.025889532743132677,
    -1.231875922340701,
    0.6165631459925948,
    2.827018073702322,
    0.035850083371396106,
    2.473060618921172,
    0.8558268310438492,
    -1.0487180707524963,
    0.7632185388296264,
    -1.2983534219839143,
    0.3884723017906615,
    -1.8797829973802611,
    1.1366663036464109,
    1.4228815947964344
  ],
  "opt_path": [
    -1.0540000000000003
  ],
  "params_path": [
    [
      1.619646300209046,
      -2.8376867652394355,
      1.5143952411487274,
      2.878967042739691,
      -0.9902355669846827,
      -2.173059427255878,
      -1.9979968336970853,
      0.17868385140913887,
      -0.2535251117533323,
      0.7348728624826666,
      0.025889532743132677,
      -1.231875922340701,
      0.6165631459925948,
      2.827018073702322,
      0.035850083371396106,
      2.473060618921172,
      0.8558268310438492,
      -1.0487180707524963,
      0.7632185388296264,
      -1.2983534219839143,
      0.3884723017906615,
      -1.8797829973802611,
      1.1366663036464109,
      1.4228815947964344
    ]
  ],
  "time_taken": 8.500357627868652,
  "n_steps": 1,
  "simulation_time": 7.171612977981567
}