{
  "best_cost": -1.1260000000000001,
  "best_params": [
    -2.548691930642945,
    -0.7158358632510095,
    0.09604454416804258,
    3.035782747121239,
    0.169201623871945,
    -0.8698981514440886,
    -1.398667372657436,
    -2.0664590288131195
  ],
  "opt_path": [
    -1.1260000000000001
  ],
  "params_path": [
    [
      -2.548691930642945,
      -0.7158358632510095,
      0.09604454416804258,
      3.035782747121239,
      0.169201623871945,
      -0.8698981514440886,
      -1.398667372657436,
      -2.0664590288131195
    ]
  ],
  "time_taken": 1.2492141723632812,
  "n_steps": 1,
  "simulation_time": 1.2043535709381104
}