{
  "best_cost": -1.068000000000004,
  "best_params": [
    1.86025004165016,
    -3.122434886605276,
    0.987438186255054,
    0.06898999991459688,
    -1.8034254812797759,
    -0.5964618318960954,
    0.4922263660636994,
    0.9765351511746524,
    1.999064304421158,
    -2.500613609963564,
    -1.6783705803876314,
    2.564857838459484,
    -1.2776989657932298,
    -1.483341963707208,
    1.9425691565234553,
    -0.2861074601477912,
    -1.1227206298361558,
    -1.1490142036411346,
    2.889014111094475,
    -2.3430210460811387,
    2.841963623591947,
    -1.766448233073147,
    -2.105894904269943,
    -0.687545569623668,
    2.6187735306007554,
    -2.46678165725285,
    0.48492668080776913,
    2.2353112015844157,
    2.0139399461746215,
    -0.7054821272292959,
    -1.2863366277451411,
    -2.6971466013000533,
    -0.2630012792656737,
    -1.5391056523493203,
    2.690829995021331,
    -1.9479960262562617,
    0.3995514229999298,
    2.8253930164992,
    -0.8374207859958155,
    0.43564835050242473,
    0.07606742054391975,
    0.9150359614273671,
    0.8566440822427269,
    -1.9158113986711227,
    -2.9749832506003098,
    2.2090028608128214,
    0.0274214147684353,
    0.5262377424564219
  ],
  "opt_path": [
    -1.0888000000000022
  ],
  "params_path": [
    [
      1.86025004165016,
      -3.122434886605276,
      0.987438186255054,
      0.06898999991459688,
      -1.8034254812797759,
      -0.5964618318960954,
      0.4922263660636994,
      0.9765351511746524,
      1.999064304421158,
      -2.500613609963564,
      -1.6783705803876314,
      2.564857838459484,
      -1.2776989657932298,
      -1.483341963707208,
      1.9425691565234553,
      -0.2861074601477912,
      -1.1227206298361558,
      -1.1490142036411346,
      2.889014111094475,
      -2.3430210460811387,
      2.841963623591947,
      -1.766448233073147,
      -2.105894904269943,
      -0.687545569623668,
      2.6187735306007554,
      -2.46678165725285,
      0.48492668080776913,
      2.2353112015844157,
      2.0139399461746215,
      -0.7054821272292959,
      -1.2863366277451411,
      -2.6971466013000533,
      -0.2630012792656737,
      -1.5391056523493203,
      2.690829995021331,
      -1.9479960262562617,
      0.3995514229999298,
      2.8253930164992,
      -0.8374207859958155,
      0.43564835050242473,
      0.07606742054391975,
      0.9150359614273671,
      0.8566440822427269,
      -1.9158113986711227,
      -2.9749832506003098,
      2.2090028608128214,
      0.0274214147684353,
      0.5262377424564219
    ]
  ],
  "time_taken": 244.68092322349548,
  "n_steps": 1,
  "simulation_time": 26.48582673072815
}