{
  "best_cost": -1.186800000000008,
  "best_params": [
    -2.8158569751599707,
    0.2132398972869193,
    -2.496064560228318,
    -2.2215763874575987,
    -0.05871051142699385,
    -3.0281674868128627,
    0.1449525470994876,
    1.0023325354184591,
    -0.28437099248881054,
    -0.05740991501684152,
    -0.555330300561238,
    -2.3417754985478374,
    -0.49310763305223276,
    -3.006871555727685,
    2.7617899444451623,
    0.7054271865228464,
    -1.0505041810308136,
    -0.4255189322547359,
    -0.20763858740481717,
    -1.3225339827276055,
    1.069982603090556,
    1.4918311744146753,
    2.8597685704793023,
    2.166250385457206,
    -0.7490712830369978,
    -0.45178413310515064,
    -2.4281871580288525,
    1.5469833097148955,
    -1.4724933799581477,
    -0.9268500538427343,
    -2.5643549712352582,
    -0.8891988041331247,
    -2.2924369157257667,
    -0.9354080406691123,
    0.5426041825833936,
    -2.1364746934916687,
    0.4297044734417964,
    -2.2142343108604883,
    -2.929946532323798,
    2.9949713273479466,
    0.4272571196566765,
    2.6434262183019595,
    -2.6037073351038824,
    -2.4106513773865936,
    -1.1948554971847376,
    2.1613359158598113,
    -2.4703734628178613,
    -0.6013218733211855,
    -0.7668036848616256,
    2.6238723609148082,
    -1.091278418595168,
    1.6715541861472927
  ],
  "opt_path": [
    -1.186800000000008
  ],
  "params_path": [
    [
      -2.8158569751599707,
      0.2132398972869193,
      -2.496064560228318,
      -2.2215763874575987,
      -0.05871051142699385,
      -3.0281674868128627,
      0.1449525470994876,
      1.0023325354184591,
      -0.28437099248881054,
      -0.05740991501684152,
      -0.555330300561238,
      -2.3417754985478374,
      -0.49310763305223276,
      -3.006871555727685,
      2.7617899444451623,
      0.7054271865228464,
      -1.0505041810308136,
      -0.4255189322547359,
      -0.20763858740481717,
      -1.3225339827276055,
      1.069982603090556,
      1.4918311744146753,
      2.8597685704793023,
      2.166250385457206,
      -0.7490712830369978,
      -0.45178413310515064,
      -2.4281871580288525,
      1.5469833097148955,
      -1.4724933799581477,
      -0.9268500538427343,
      -2.5643549712352582,
      -0.8891988041331247,
      -2.2924369157257667,
      -0.9354080406691123,
      0.5426041825833936,
      -2.1364746934916687,
      0.4297044734417964,
      -2.2142343108604883,
      -2.929946532323798,
      2.9949713273479466,
      0.4272571196566765,
      2.6434262183019595,
      -2.6037073351038824,
      -2.4106513773865936,
      -1.1948554971847376,
      2.1613359158598113,
      -2.4703734628178613,
      -0.6013218733211855,
      -0.7668036848616256,
      2.6238723609148082,
      -1.091278418595168,
      1.6715541861472927
    ]
  ],
  "time_taken": 14095.021619319916,
  "n_steps": 1,
  "simulation_time": 13712.309398651123
}