{
  "best_cost": -0.8935999999999997,
  "best_params": [
    2.567510455050938,
    2.4627753776351664,
    -1.2248854438855845,
    -0.8110654001315691,
    -0.6835548003396471,
    2.251195315669394,
    -2.1378656440903283,
    0.8282830809259502,
    -0.4269007159030926,
    -2.7862829322644895,
    1.4446733117836845,
    2.1094727447662707,
    1.3905250280037362,
    0.8580704845477868,
    0.44363873333091974,
    -2.8796350547157696,
    -0.31561449741336184,
    2.020618268741804,
    2.605727968048729,
    -0.6807822184772077,
    2.6306548855335112,
    -1.4741001139750005,
    -0.8124935138701566,
    -1.8190087937251858,
    -2.890937114804812,
    -0.7006231551716688,
    3.122976559964762,
    -0.15348479377056537,
    -2.558280840816619,
    -1.5068059088107124,
    2.7634496874909433,
    1.2586394060913677,
    1.46678395957679,
    2.764325217561337,
    0.27284354425864715,
    1.4648802046624367,
    1.5502725537031243,
    1.949883765301036,
    -1.537863560074429,
    1.7894682941847182
  ],
  "opt_path": [
    -0.8935999999999997
  ],
  "params_path": [
    [
      2.567510455050938,
      2.4627753776351664,
      -1.2248854438855845,
      -0.8110654001315691,
      -0.6835548003396471,
      2.251195315669394,
      -2.1378656440903283,
      0.8282830809259502,
      -0.4269007159030926,
      -2.7862829322644895,
      1.4446733117836845,
      2.1094727447662707,
      1.3905250280037362,
      0.8580704845477868,
      0.44363873333091974,
      -2.8796350547157696,
      -0.31561449741336184,
      2.020618268741804,
      2.605727968048729,
      -0.6807822184772077,
      2.6306548855335112,
      -1.4741001139750005,
      -0.8124935138701566,
      -1.8190087937251858,
      -2.890937114804812,
      -0.7006231551716688,
      3.122976559964762,
      -0.15348479377056537,
      -2.558280840816619,
      -1.5068059088107124,
      2.7634496874909433,
      1.2586394060913677,
      1.46678395957679,
      2.764325217561337,
      0.27284354425864715,
      1.4648802046624367,
      1.5502725537031243,
      1.949883765301036,
      -1.537863560074429,
      1.7894682941847182
    ]
  ],
  "time_taken": 1045.7961390018463,
  "n_steps": 1,
  "simulation_time": 996.4203934669495
}