{
  "best_cost": -0.6996,
  "best_params": [
    1.0941603989759143,
    -1.112653181749908,
    1.1446393892104754,
    0.2602753389148619,
    -1.262588105838825,
    1.0096882592883638,
    -2.232783432932159,
    0.005850491026353652,
    1.4660856654975443,
    -2.619693245650182,
    1.2733366987404056,
    1.5466193171924008,
    2.1850045482268716,
    1.4509718531460216,
    0.1242300580362904,
    1.5755167147456415
  ],
  "opt_path": [
    -0.6936
  ],
  "params_path": [
    [
      1.0941603989759143,
      -1.112653181749908,
      1.1446393892104754,
      0.2602753389148619,
      -1.262588105838825,
      1.0096882592883638,
      -2.232783432932159,
      0.005850491026353652,
      1.4660856654975443,
      -2.619693245650182,
      1.2733366987404056,
      1.5466193171924008,
      2.1850045482268716,
      1.4509718531460216,
      0.1242300580362904,
      1.5755167147456415
    ]
  ],
  "time_taken": 5.47490382194519,
  "n_steps": 1,
  "simulation_time": 5.2383458614349365
}