{
  "best_cost": -1.353999999999945,
  "best_params": [
    2.2729861437768943,
    -1.6484446381736981,
    -2.5820534702363758,
    -1.0675219432817562,
    -1.0989720107316863,
    -0.8718080322778575,
    2.7321464971146114,
    0.3409446083469238,
    -2.8023961061411216,
    2.712438097562116,
    3.033449617345224,
    -1.1996409195700954,
    -2.4406855251545485,
    1.442552838704027,
    -1.026893998136644,
    -0.8642737297713736,
    0.9623214972672317,
    0.5785757392251776,
    0.8239291495948169,
    -1.3887467601312453,
    0.8231632218243157,
    -2.3489740175063356,
    2.4426506814156537,
    -0.12466668841833115,
    -2.696611796026062,
    1.2900890213604774,
    1.1099171897033413,
    0.31628607031762807,
    0.4392020580213492,
    1.1621577614956597,
    -2.926048819010257,
    -2.9141630498217914,
    2.6592132879466384,
    -0.4902743660137002,
    -1.287410525309439,
    -2.0304016880732263,
    1.3901913993800776,
    2.6822795986532575,
    2.487889900214288,
    -0.9344559719335995,
    -2.4778162409949,
    -1.163146306561637,
    -1.600253327572836,
    -2.866426477389258,
    2.3692799154680175,
    1.9952900274863243,
    -2.946823533504465,
    3.125352421887219,
    -0.009010202654001454,
    -0.2845016240678829,
    1.3087365699841589,
    -0.44970423752976385,
    0.8210401900667947,
    2.274164036058153,
    0.15099071600683187,
    -0.8950035514946887,
    -1.4124564388969163,
    -0.34781696104157034,
    -0.8733038694870823,
    -2.5964621990676044
  ],
  "opt_path": [
    -1.4155999999999465
  ],
  "params_path": [
    [
      2.2729861437768943,
      -1.6484446381736981,
      -2.5820534702363758,
      -1.0675219432817562,
      -1.0989720107316863,
      -0.8718080322778575,
      2.7321464971146114,
      0.3409446083469238,
      -2.8023961061411216,
      2.712438097562116,
      3.033449617345224,
      -1.1996409195700954,
      -2.4406855251545485,
      1.442552838704027,
      -1.026893998136644,
      -0.8642737297713736,
      0.9623214972672317,
      0.5785757392251776,
      0.8239291495948169,
      -1.3887467601312453,
      0.8231632218243157,
      -2.3489740175063356,
      2.4426506814156537,
      -0.12466668841833115,
      -2.696611796026062,
      1.2900890213604774,
      1.1099171897033413,
      0.31628607031762807,
      0.4392020580213492,
      1.1621577614956597,
      -2.926048819010257,
      -2.9141630498217914,
      2.6592132879466384,
      -0.4902743660137002,
      -1.287410525309439,
      -2.0304016880732263,
      1.3901913993800776,
      2.6822795986532575,
      2.487889900214288,
      -0.9344559719335995,
      -2.4778162409949,
      -1.163146306561637,
      -1.600253327572836,
      -2.866426477389258,
      2.3692799154680175,
      1.9952900274863243,
      -2.946823533504465,
      3.125352421887219,
      -0.009010202654001454,
      -0.2845016240678829,
      1.3087365699841589,
      -0.44970423752976385,
      0.8210401900667947,
      2.274164036058153,
      0.15099071600683187,
      -0.8950035514946887,
      -1.4124564388969163,
      -0.34781696104157034,
      -0.8733038694870823,
      -2.5964621990676044
    ]
  ],
  "time_taken": 815.5792779922485,
  "n_steps": 1,
  "simulation_time": 808.9776661396027
}