{
  "best_cost": -0.9827999999999978,
  "best_params": [
    -1.8435585459246795,
    0.6264702866734543,
    0.5344064421246997,
    -1.452206758007037,
    -2.6734406205271304,
    -3.083243506764669,
    -2.1836538513237462,
    -1.4865746638244246,
    1.2851770198052135,
    0.680302064800109,
    -1.70685633844427,
    2.271435173293113,
    -3.0536792136598745,
    -0.3560973450568798,
    1.363559281403869,
    1.0802602515021869,
    -2.2572869811363074,
    1.945469306460456,
    2.542025837640992,
    -2.0082157340785285,
    0.5021544188010143,
    2.820735412451553,
    -3.0011510120480853,
    -1.324825679677353,
    0.10628887823735535,
    1.0529914793249262,
    -0.8421403814592483,
    1.960484094626305,
    0.5663052485112591,
    -0.3247908318678741,
    0.04768188011583035,
    -0.5808518107462752,
    -2.805068398223815,
    -1.7559519818484373,
    -1.826325655156158,
    3.0876896548611383,
    -2.7318983244383768,
    -1.7421575527545887,
    -1.3741207519209837,
    2.4847750010482645,
    -0.055579488872320774,
    1.638621828657872,
    -2.92850616918847,
    -2.1827638273852616,
    0.5824387242939659,
    3.005651483917213,
    0.06432662169754437,
    1.5267736939241285,
    -0.6549650939861428,
    1.6756392759412777,
    0.16765832302404668,
    0.22307347735462144,
    -0.45645391803195934,
    -2.3389175635167834,
    -0.4472961393538801,
    -0.2604792397019058
  ],
  "opt_path": [
    -0.9676000000000036
  ],
  "params_path": [
    [
      -1.8435585459246795,
      0.6264702866734543,
      0.5344064421246997,
      -1.452206758007037,
      -2.6734406205271304,
      -3.083243506764669,
      -2.1836538513237462,
      -1.4865746638244246,
      1.2851770198052135,
      0.680302064800109,
      -1.70685633844427,
      2.271435173293113,
      -3.0536792136598745,
      -0.3560973450568798,
      1.363559281403869,
      1.0802602515021869,
      -2.2572869811363074,
      1.945469306460456,
      2.542025837640992,
      -2.0082157340785285,
      0.5021544188010143,
      2.820735412451553,
      -3.0011510120480853,
      -1.324825679677353,
      0.10628887823735535,
      1.0529914793249262,
      -0.8421403814592483,
      1.960484094626305,
      0.5663052485112591,
      -0.3247908318678741,
      0.04768188011583035,
      -0.5808518107462752,
      -2.805068398223815,
      -1.7559519818484373,
      -1.826325655156158,
      3.0876896548611383,
      -2.7318983244383768,
      -1.7421575527545887,
      -1.3741207519209837,
      2.4847750010482645,
      -0.055579488872320774,
      1.638621828657872,
      -2.92850616918847,
      -2.1827638273852616,
      0.5824387242939659,
      3.005651483917213,
      0.06432662169754437,
      1.5267736939241285,
      -0.6549650939861428,
      1.6756392759412777,
      0.16765832302404668,
      0.22307347735462144,
      -0.45645391803195934,
      -2.3389175635167834,
      -0.4472961393538801,
      -0.2604792397019058
    ]
  ],
  "time_taken": 1789.509905576706,
  "n_steps": 1,
  "simulation_time": 1784.7275440692902
}