{
  "best_cost": -1.050800000000022,
  "best_params": [
    -1.6540046732103468,
    -0.7176023704433897,
    -2.0793986456620086,
    0.5994455871944606,
    -2.241369339309793,
    -2.321773872396223,
    2.8843343765272658,
    -2.583086227127233,
    -0.616940347122135,
    2.2791149729290407,
    -0.4121681317532596,
    2.279288563879233,
    0.9307797616247417,
    0.4197087189306063,
    1.3794322897193687,
    -2.4054323900229706,
    -2.126023823210869,
    2.6386364956775012,
    0.2612558385041075,
    2.0625803804321894,
    -2.189322884357677,
    -0.5992262104436659,
    0.32302190309001017,
    1.5696754168885239,
    0.9955692607701898,
    -2.9401743537703333,
    1.414926185197496,
    2.1366481686593777,
    -0.7713198818939837,
    -2.5632706949736517,
    -2.035518617992678,
    -0.6598904586962911,
    -2.5691306902903897,
    1.6794586897029908,
    -1.6247627565674032,
    0.4246177365863466,
    2.9509826540297834,
    -2.2517554891932887,
    -1.6507351524189724,
    1.3173214213908764,
    0.7515303973320386,
    2.5859366391587786,
    -2.3897635232393806,
    2.0494335297823354,
    1.9865478155382967,
    -0.4043184315370355,
    1.5496740086003578,
    -0.22755812319964455,
    0.8767251710453234,
    1.3617478013940185,
    -0.12048583894510306,
    -0.18680945480258454
  ],
  "opt_path": [
    -1.0688000000000233
  ],
  "params_path": [
    [
      -1.6540046732103468,
      -0.7176023704433897,
      -2.0793986456620086,
      0.5994455871944606,
      -2.241369339309793,
      -2.321773872396223,
      2.8843343765272658,
      -2.583086227127233,
      -0.616940347122135,
      2.2791149729290407,
      -0.4121681317532596,
      2.279288563879233,
      0.9307797616247417,
      0.4197087189306063,
      1.3794322897193687,
      -2.4054323900229706,
      -2.126023823210869,
      2.6386364956775012,
      0.2612558385041075,
      2.0625803804321894,
      -2.189322884357677,
      -0.5992262104436659,
      0.32302190309001017,
      1.5696754168885239,
      0.9955692607701898,
      -2.9401743537703333,
      1.414926185197496,
      2.1366481686593777,
      -0.7713198818939837,
      -2.5632706949736517,
      -2.035518617992678,
      -0.6598904586962911,
      -2.5691306902903897,
      1.6794586897029908,
      -1.6247627565674032,
      0.4246177365863466,
      2.9509826540297834,
      -2.2517554891932887,
      -1.6507351524189724,
      1.3173214213908764,
      0.7515303973320386,
      2.5859366391587786,
      -2.3897635232393806,
      2.0494335297823354,
      1.9865478155382967,
      -0.4043184315370355,
      1.5496740086003578,
      -0.22755812319964455,
      0.8767251710453234,
      1.3617478013940185,
      -0.12048583894510306,
      -0.18680945480258454
    ]
  ],
  "time_taken": 836.2725927829742,
  "n_steps": 1,
  "simulation_time": 832.5152411460876
}