{
  "best_cost": -0.8716000000000005,
  "best_params": [
    -1.7130080198557873,
    -2.2416727737813074,
    2.595933624893027,
    -0.368572184253482,
    0.16759839933736936,
    -1.0054265560320448,
    -1.4741734173580248,
    2.6514021993124945,
    0.5236704796381643,
    2.0504062062394905,
    0.8679699047288197,
    -0.15153887393721785,
    -0.879963894299756,
    0.06542331408033995,
    0.15108957296078432,
    -2.453152322268722,
    2.0286158899754696,
    -1.3349770680935418,
    3.0769343673714094,
    0.8428193913620318,
    0.7601758134182277,
    -0.4480900121773297,
    0.8455673524941251,
    -1.1135870398353112,
    1.971022468004922,
    1.95011098442785,
    -2.6892889986009423,
    -2.497584858671992,
    0.45755459485490774,
    1.0080485657653147,
    0.34630207412042047,
    -0.932024968271909,
    3.000045100428983,
    0.43121263665738546,
    -0.8091994042800503,
    -2.114438021148436
  ],
  "opt_path": [
    -0.8248000000000008
  ],
  "params_path": [
    [
      -1.7130080198557873,
      -2.2416727737813074,
      2.595933624893027,
      -0.368572184253482,
      0.16759839933736936,
      -1.0054265560320448,
      -1.4741734173580248,
      2.6514021993124945,
      0.5236704796381643,
      2.0504062062394905,
      0.8679699047288197,
      -0.15153887393721785,
      -0.879963894299756,
      0.06542331408033995,
      0.15108957296078432,
      -2.453152322268722,
      2.0286158899754696,
      -1.3349770680935418,
      3.0769343673714094,
      0.8428193913620318,
      0.7601758134182277,
      -0.4480900121773297,
      0.8455673524941251,
      -1.1135870398353112,
      1.971022468004922,
      1.95011098442785,
      -2.6892889986009423,
      -2.497584858671992,
      0.45755459485490774,
      1.0080485657653147,
      0.34630207412042047,
      -0.932024968271909,
      3.000045100428983,
      0.43121263665738546,
      -0.8091994042800503,
      -2.114438021148436
    ]
  ],
  "time_taken": 8.352840185165405,
  "n_steps": 1,
  "simulation_time": 7.99700665473938
}