{
  "best_cost": -1.448399999999997,
  "best_params": [
    -1.5166584790064253,
    2.412538564870238,
    2.3446062126058442,
    2.96536287669895,
    -2.376832014313868,
    1.745790679064343,
    2.787087206196296,
    0.24951972731586647,
    -0.022693460116581684,
    2.483729330872565,
    1.881386889757785,
    -1.0006179695020267,
    1.265514015468883,
    0.21154390261940037,
    2.9584702421261313,
    3.000178321698465,
    -2.657149423853375,
    1.9611201422301745,
    1.5764722044628514,
    1.7277750684295787,
    -1.477671008316968,
    -2.675041766620727,
    1.4511755748728803,
    -1.9607580924887384,
    -1.0734075261954965,
    -2.902249945869257,
    3.0448801166891655,
    0.43848304187921705,
    0.054047281549797044,
    3.120978138091193,
    0.7420932745726779,
    -1.2198044479900578,
    -1.9072602124777014,
    -2.1453453670061844,
    2.395646792670612,
    2.0882223498789685,
    3.1047373013305384,
    -0.566756106395301,
    -0.04630164022252646,
    -2.8970872579346274,
    0.9185056740205129,
    -0.4735132777283415,
    0.641702099963325,
    -0.34010659981759367,
    -2.751722858974639,
    2.7773311800551954,
    -2.3907468574253805,
    -1.8127825567394846,
    2.841038429011276,
    0.4006924890852305,
    -3.1001664533517514,
    -0.7618537112568068,
    1.9616151323821576,
    -0.12462659149498673,
    -0.7965773771047624,
    -0.8238129696543982
  ],
  "opt_path": [
    -1.3407999999999958
  ],
  "params_path": [
    [
      -1.5166584790064253,
      2.412538564870238,
      2.3446062126058442,
      2.96536287669895,
      -2.376832014313868,
      1.745790679064343,
      2.787087206196296,
      0.24951972731586647,
      -0.022693460116581684,
      2.483729330872565,
      1.881386889757785,
      -1.0006179695020267,
      1.265514015468883,
      0.21154390261940037,
      2.9584702421261313,
      3.000178321698465,
      -2.657149423853375,
      1.9611201422301745,
      1.5764722044628514,
      1.7277750684295787,
      -1.477671008316968,
      -2.675041766620727,
      1.4511755748728803,
      -1.9607580924887384,
      -1.0734075261954965,
      -2.902249945869257,
      3.0448801166891655,
      0.43848304187921705,
      0.054047281549797044,
      3.120978138091193,
      0.7420932745726779,
      -1.2198044479900578,
      -1.9072602124777014,
      -2.1453453670061844,
      2.395646792670612,
      2.0882223498789685,
      3.1047373013305384,
      -0.566756106395301,
      -0.04630164022252646,
      -2.8970872579346274,
      0.9185056740205129,
      -0.4735132777283415,
      0.641702099963325,
      -0.34010659981759367,
      -2.751722858974639,
      2.7773311800551954,
      -2.3907468574253805,
      -1.8127825567394846,
      2.841038429011276,
      0.4006924890852305,
      -3.1001664533517514,
      -0.7618537112568068,
      1.9616151323821576,
      -0.12462659149498673,
      -0.7965773771047624,
      -0.8238129696543982
    ]
  ],
  "time_taken": 4285.790253639221,
  "n_steps": 1,
  "simulation_time": 4281.276622056961
}