{
  "best_cost": -0.7504000000000003,
  "best_params": [
    -0.9667812802375796,
    1.2992225429722806,
    3.047680564996534,
    0.08653250089408636,
    -2.9683494574958607,
    -2.5820241513918276,
    0.44932830592479606,
    1.4896710079974855,
    2.304918982870641,
    -3.002944494581027,
    3.066140487830029,
    -1.6264752757188903,
    0.3177860731194164,
    -0.895376577920935,
    -3.0321659046833207,
    0.7954355966534231,
    -1.1675718272004243,
    -1.069472865936682,
    2.136833542139805,
    2.151075948138944,
    1.3395894114555145,
    -1.6331680964352433,
    -0.6610914582754676,
    -0.26586186386056904,
    2.6149469172597737,
    -0.32736462207189143,
    -2.24518176073236,
    -1.3866333120020728,
    -1.3477589009012851,
    2.663449826042995,
    -2.9755227190667894,
    -1.90693487080827
  ],
  "opt_path": [
    -0.7504000000000003
  ],
  "params_path": [
    [
      -0.9667812802375796,
      1.2992225429722806,
      3.047680564996534,
      0.08653250089408636,
      -2.9683494574958607,
      -2.5820241513918276,
      0.44932830592479606,
      1.4896710079974855,
      2.304918982870641,
      -3.002944494581027,
      3.066140487830029,
      -1.6264752757188903,
      0.3177860731194164,
      -0.895376577920935,
      -3.0321659046833207,
      0.7954355966534231,
      -1.1675718272004243,
      -1.069472865936682,
      2.136833542139805,
      2.151075948138944,
      1.3395894114555145,
      -1.6331680964352433,
      -0.6610914582754676,
      -0.26586186386056904,
      2.6149469172597737,
      -0.32736462207189143,
      -2.24518176073236,
      -1.3866333120020728,
      -1.3477589009012851,
      2.663449826042995,
      -2.9755227190667894,
      -1.90693487080827
    ]
  ],
  "time_taken": 25.544294595718384,
  "n_steps": 1,
  "simulation_time": 17.15584373474121
}