{
  "best_cost": -0.4712000000000012,
  "best_params": [
    2.442934858674958,
    2.2353125258114463,
    0.8445673164038427,
    0.3968159625160421,
    -0.8854948801552118,
    0.15764534164585076,
    0.08409547616760138,
    -1.6493520059015427,
    -1.3429134618562062,
    2.25608139963785,
    -1.273598252549513,
    -1.343973542167249,
    -0.5778870966996696,
    -1.1315639129489221,
    0.13305633229109937,
    0.3784289752594501,
    1.2720970818332011,
    2.7608103142962266,
    -0.9621766326177599,
    -1.683777500781062,
    2.4877658354448986,
    -1.9664886067539324,
    1.2463028137949452,
    -2.606736876352881,
    -1.167868827058697,
    -2.501372269902922,
    -0.6005441520328723,
    1.1278991283885098,
    -2.7968727195075074,
    -2.4556921944297434,
    3.074952944138368,
    2.670861749573267,
    0.7617221957273426,
    -1.508328521302387,
    1.0640223437955276,
    0.642525475027282,
    0.9441204718726537,
    -2.5996054661647303,
    -3.013894093797928,
    -1.007527649410883,
    0.778803763364011,
    -0.9392387533314275,
    2.651050353149282,
    -3.0354216195476513,
    0.7667601602324559,
    1.3679786548942365,
    2.459792776269455,
    0.9071447766452945,
    2.7705524881246584,
    -1.9801594536291947,
    0.11283784004485753,
    2.3941084602007265,
    2.489764709124592,
    0.8177137173052227,
    -0.14086480260133527,
    -1.29060073583264,
    -1.4338637277800355,
    2.3682058587073085,
    -3.1271025797216647,
    0.5438341464938841,
    1.773198713618676,
    2.3968207064644824,
    1.9378410314828933,
    -2.4374809577306644
  ],
  "opt_path": [
    -0.5632000000000037,
    -0.4712000000000012
  ],
  "params_path": [
    [
      3.442934858674958,
      2.2353125258114463,
      0.8445673164038427,
      0.3968159625160421,
      -0.8854948801552118,
      0.15764534164585076,
      0.08409547616760138,
      -1.6493520059015427,
      -1.3429134618562062,
      2.25608139963785,
      -1.273598252549513,
      -1.343973542167249,
      -0.5778870966996696,
      -1.1315639129489221,
      0.13305633229109937,
      0.3784289752594501,
      1.2720970818332011,
      2.7608103142962266,
      -0.9621766326177599,
      -1.683777500781062,
      2.4877658354448986,
      -1.9664886067539324,
      1.2463028137949452,
      -2.606736876352881,
      -1.167868827058697,
      -2.501372269902922,
      -0.6005441520328723,
      1.1278991283885098,
      -2.7968727195075074,
      -2.4556921944297434,
      3.074952944138368,
      2.670861749573267,
      0.7617221957273426,
      -1.508328521302387,
      1.0640223437955276,
      0.642525475027282,
      0.9441204718726537,
      -2.5996054661647303,
      -3.013894093797928,
      -1.007527649410883,
      0.778803763364011,
      -0.9392387533314275,
      2.651050353149282,
      -3.0354216195476513,
      0.7667601602324559,
      1.3679786548942365,
      2.459792776269455,
      0.9071447766452945,
      2.7705524881246584,
      -1.9801594536291947,
      0.11283784004485753,
      2.3941084602007265,
      2.489764709124592,
      0.8177137173052227,
      -0.14086480260133527,
      -1.29060073583264,
      -1.4338637277800355,
      2.3682058587073085,
      -3.1271025797216647,
      0.5438341464938841,
      1.773198713618676,
      2.3968207064644824,
      1.9378410314828933,
      -2.4374809577306644
    ],
    [
      2.442934858674958,
      2.2353125258114463,
      0.8445673164038427,
      0.3968159625160421,
      -0.8854948801552118,
      0.15764534164585076,
      0.08409547616760138,
      -1.6493520059015427,
      -1.3429134618562062,
      2.25608139963785,
      -1.273598252549513,
      -1.343973542167249,
      -0.5778870966996696,
      -1.1315639129489221,
      0.13305633229109937,
      0.3784289752594501,
      1.2720970818332011,
      2.7608103142962266,
      -0.9621766326177599,
      -1.683777500781062,
      2.4877658354448986,
      -1.9664886067539324,
      1.2463028137949452,
      -2.606736876352881,
      -1.167868827058697,
      -2.501372269902922,
      -0.6005441520328723,
      1.1278991283885098,
      -2.7968727195075074,
      -2.4556921944297434,
      3.074952944138368,
      2.670861749573267,
      0.7617221957273426,
      -1.508328521302387,
      1.0640223437955276,
      0.642525475027282,
      0.9441204718726537,
      -2.5996054661647303,
      -3.013894093797928,
      -1.007527649410883,
      0.778803763364011,
      -0.9392387533314275,
      2.651050353149282,
      -3.0354216195476513,
      0.7667601602324559,
      1.3679786548942365,
      2.459792776269455,
      0.9071447766452945,
      2.7705524881246584,
      -1.9801594536291947,
      0.11283784004485753,
      2.3941084602007265,
      2.489764709124592,
      0.8177137173052227,
      -0.14086480260133527,
      -1.29060073583264,
      -1.4338637277800355,
      2.3682058587073085,
      -3.1271025797216647,
      0.5438341464938841,
      1.773198713618676,
      2.3968207064644824,
      1.9378410314828933,
      -2.4374809577306644
    ]
  ],
  "time_taken": 2229.892508506775,
  "n_steps": 2,
  "simulation_time": 2142.7549901008606
}