{
  "best_cost": 0.8112000000000001,
  "best_params": [
    1.604685536316408,
    -1.4177089356746873,
    -2.453506693803894,
    -2.22923925672419,
    -2.3931801822792327,
    -0.4193019203371575,
    -0.729817674846295,
    -2.245866852099173,
    -2.080569060112652,
    2.2558714903951476,
    0.8191262893866762,
    2.5578181627044403
  ],
  "opt_path": [
    0.7528,
    0.8112000000000001
  ],
  "params_path": [
    [
      2.604685536316408,
      -1.4177089356746873,
      -2.453506693803894,
      -2.22923925672419,
      -2.3931801822792327,
      -0.4193019203371575,
      -0.729817674846295,
      -2.245866852099173,
      -2.080569060112652,
      2.2558714903951476,
      0.8191262893866762,
      2.5578181627044403
    ],
    [
      1.604685536316408,
      -1.4177089356746873,
      -2.453506693803894,
      -2.22923925672419,
      -2.3931801822792327,
      -0.4193019203371575,
      -0.729817674846295,
      -2.245866852099173,
      -2.080569060112652,
      2.2558714903951476,
      0.8191262893866762,
      2.5578181627044403
    ]
  ],
  "time_taken": 1.3234128952026367,
  "n_steps": 2,
  "simulation_time": 1.2940008640289307
}