{
  "best_cost": 0.8151999999999929,
  "best_params": [
    1.615109773126564,
    0.20524598332132715,
    2.4618560887547307,
    -0.3400003898248105,
    0.23015966751075645,
    1.291393667496255,
    0.9708123814424452,
    1.8335593469505103,
    2.2717434306855866,
    1.5094266464621295,
    -2.410019375885048,
    1.9110742656562314,
    0.8636860755237077,
    0.18516120170810035,
    0.11634486366455876,
    1.688239146314464,
    2.872511635477241,
    0.8863150962825141,
    0.021335838940699237,
    2.094280210967777,
    -1.739442461735329,
    3.0455275914964197,
    -2.3859514166192723,
    -2.3267452834712294,
    2.079460540166692,
    0.02205369768414256,
    1.4922796046542102,
    -0.47284760548045,
    -2.1870415673521775,
    -1.7277587707759126,
    -1.4880013629368742,
    -1.6562916203491944,
    2.6130791236874984,
    2.657163157517945,
    2.877686897968027,
    -0.7193464158280145,
    2.3378669071376477,
    0.8150941807308825,
    1.8149066660955375,
    -0.5060013653695843,
    2.309131407790977,
    -2.9092737153955444,
    -1.5639536599850896,
    -0.022146211470739363,
    1.1179673923208862,
    2.521636490952514,
    -1.1278155648802723,
    -0.9115586465763905,
    -2.9585113764235014,
    -2.2865554136985606,
    1.931226507619014,
    0.03854682964341061
  ],
  "opt_path": [
    0.6251999999999927,
    0.8151999999999929
  ],
  "params_path": [
    [
      2.615109773126564,
      0.20524598332132715,
      2.4618560887547307,
      -0.3400003898248105,
      0.23015966751075645,
      1.291393667496255,
      0.9708123814424452,
      1.8335593469505103,
      2.2717434306855866,
      1.5094266464621295,
      -2.410019375885048,
      1.9110742656562314,
      0.8636860755237077,
      0.18516120170810035,
      0.11634486366455876,
      1.688239146314464,
      2.872511635477241,
      0.8863150962825141,
      0.021335838940699237,
      2.094280210967777,
      -1.739442461735329,
      3.0455275914964197,
      -2.3859514166192723,
      -2.3267452834712294,
      2.079460540166692,
      0.02205369768414256,
      1.4922796046542102,
      -0.47284760548045,
      -2.1870415673521775,
      -1.7277587707759126,
      -1.4880013629368742,
      -1.6562916203491944,
      2.6130791236874984,
      2.657163157517945,
      2.877686897968027,
      -0.7193464158280145,
      2.3378669071376477,
      0.8150941807308825,
      1.8149066660955375,
      -0.5060013653695843,
      2.309131407790977,
      -2.9092737153955444,
      -1.5639536599850896,
      -0.022146211470739363,
      1.1179673923208862,
      2.521636490952514,
      -1.1278155648802723,
      -0.9115586465763905,
      -2.9585113764235014,
      -2.2865554136985606,
      1.931226507619014,
      0.03854682964341061
    ],
    [
      1.615109773126564,
      0.20524598332132715,
      2.4618560887547307,
      -0.3400003898248105,
      0.23015966751075645,
      1.291393667496255,
      0.9708123814424452,
      1.8335593469505103,
      2.2717434306855866,
      1.5094266464621295,
      -2.410019375885048,
      1.9110742656562314,
      0.8636860755237077,
      0.18516120170810035,
      0.11634486366455876,
      1.688239146314464,
      2.872511635477241,
      0.8863150962825141,
      0.021335838940699237,
      2.094280210967777,
      -1.739442461735329,
      3.0455275914964197,
      -2.3859514166192723,
      -2.3267452834712294,
      2.079460540166692,
      0.02205369768414256,
      1.4922796046542102,
      -0.47284760548045,
      -2.1870415673521775,
      -1.7277587707759126,
      -1.4880013629368742,
      -1.6562916203491944,
      2.6130791236874984,
      2.657163157517945,
      2.877686897968027,
      -0.7193464158280145,
      2.3378669071376477,
      0.8150941807308825,
      1.8149066660955375,
      -0.5060013653695843,
      2.309131407790977,
      -2.9092737153955444,
      -1.5639536599850896,
      -0.022146211470739363,
      1.1179673923208862,
      2.521636490952514,
      -1.1278155648802723,
      -0.9115586465763905,
      -2.9585113764235014,
      -2.2865554136985606,
      1.931226507619014,
      0.03854682964341061
    ]
  ],
  "time_taken": 855.5981044769287,
  "n_steps": 2,
  "simulation_time": 818.6596748828888
}