{
  "best_cost": 0.5184000000000004,
  "best_params": [
    0.6466471629829282,
    -3.1098327401146535,
    2.782862011097203,
    2.9845362223438068,
    -1.3239525665409093,
    -2.1926641400360856,
    0.6513622338994809,
    -3.048907301483511,
    0.7334544684031674,
    -0.6772202744767766,
    2.830974776269855,
    0.40015431516129807,
    -2.451819300254465,
    -0.294564158210624,
    -3.0535717494226167,
    2.3549967002537002,
    2.4792740555334536,
    -1.530510592261921,
    -0.413656472223094,
    1.4314300210770403,
    0.43381186334097555,
    -2.1829927771407167,
    0.23018457461225772,
    -1.6302194927754488,
    -1.0516723785783761,
    -2.658897613864813,
    -0.7221948563165337,
    -2.98584124987682,
    0.43330237786818326,
    1.088813055772862,
    0.15140668032682303,
    1.8786524535600826,
    2.160680939811412,
    0.8614285772192458,
    3.0698809146424697,
    2.9612693713559306,
    0.9576009277070137,
    -0.7421072440537633,
    2.9972961459893357,
    -0.7650222012510111,
    -2.1430818614011664,
    -3.034641618012674,
    1.724288071581002,
    0.7539242261512373,
    -2.4763864110234164,
    -0.15943104314915857,
    -0.4511676524014576,
    0.7693013343739095
  ],
  "opt_path": [
    0.4460000000000009,
    0.5184000000000004
  ],
  "params_path": [
    [
      1.6466471629829282,
      -3.1098327401146535,
      2.782862011097203,
      2.9845362223438068,
      -1.3239525665409093,
      -2.1926641400360856,
      0.6513622338994809,
      -3.048907301483511,
      0.7334544684031674,
      -0.6772202744767766,
      2.830974776269855,
      0.40015431516129807,
      -2.451819300254465,
      -0.294564158210624,
      -3.0535717494226167,
      2.3549967002537002,
      2.4792740555334536,
      -1.530510592261921,
      -0.413656472223094,
      1.4314300210770403,
      0.43381186334097555,
      -2.1829927771407167,
      0.23018457461225772,
      -1.6302194927754488,
      -1.0516723785783761,
      -2.658897613864813,
      -0.7221948563165337,
      -2.98584124987682,
      0.43330237786818326,
      1.088813055772862,
      0.15140668032682303,
      1.8786524535600826,
      2.160680939811412,
      0.8614285772192458,
      3.0698809146424697,
      2.9612693713559306,
      0.9576009277070137,
      -0.7421072440537633,
      2.9972961459893357,
      -0.7650222012510111,
      -2.1430818614011664,
      -3.034641618012674,
      1.724288071581002,
      0.7539242261512373,
      -2.4763864110234164,
      -0.15943104314915857,
      -0.4511676524014576,
      0.7693013343739095
    ],
    [
      0.6466471629829282,
      -3.1098327401146535,
      2.782862011097203,
      2.9845362223438068,
      -1.3239525665409093,
      -2.1926641400360856,
      0.6513622338994809,
      -3.048907301483511,
      0.7334544684031674,
      -0.6772202744767766,
      2.830974776269855,
      0.40015431516129807,
      -2.451819300254465,
      -0.294564158210624,
      -3.0535717494226167,
      2.3549967002537002,
      2.4792740555334536,
      -1.530510592261921,
      -0.413656472223094,
      1.4314300210770403,
      0.43381186334097555,
      -2.1829927771407167,
      0.23018457461225772,
      -1.6302194927754488,
      -1.0516723785783761,
      -2.658897613864813,
      -0.7221948563165337,
      -2.98584124987682,
      0.43330237786818326,
      1.088813055772862,
      0.15140668032682303,
      1.8786524535600826,
      2.160680939811412,
      0.8614285772192458,
      3.0698809146424697,
      2.9612693713559306,
      0.9576009277070137,
      -0.7421072440537633,
      2.9972961459893357,
      -0.7650222012510111,
      -2.1430818614011664,
      -3.034641618012674,
      1.724288071581002,
      0.7539242261512373,
      -2.4763864110234164,
      -0.15943104314915857,
      -0.4511676524014576,
      0.7693013343739095
    ]
  ],
  "time_taken": 394.1094150543213,
  "n_steps": 2,
  "simulation_time": 372.0027847290039
}