{
  "best_cost": -1.069599999999899,
  "best_params": [
    -1.5230247878841323,
    -2.5733422164404773,
    2.7278912653372522,
    1.6583778570184986,
    2.2936857159520443,
    3.0749552627850525,
    0.027458518211607164,
    -0.7942381373905323,
    0.20692277497236944,
    -1.510224970591796,
    0.596632553387697,
    0.014144768656116025,
    -0.8811039666934346,
    -1.1308802992023281,
    -1.0734800151790154,
    -1.7221404705861592,
    -1.6534967705114718,
    -1.21825302426958,
    2.9260882485853115,
    1.6826124449344082,
    -0.7168771324378604,
    -1.4146371286435768,
    -1.9597773525386541,
    -1.3607289782843295,
    1.658306268004086,
    1.8554140451932817,
    -1.6293788258229072,
    1.0639275852368684,
    2.3873145160457074,
    0.7980019071397195,
    2.4189534528796104,
    1.6116128693398908,
    -0.9716703312172883,
    2.0411945230457995,
    1.208457578749897,
    -2.4078885209745136,
    -2.121993507370364,
    1.8333995921695365,
    -2.6774126744183913,
    -1.6123958420180304,
    2.928563588963189,
    -1.278760749951208,
    0.03988340023075221,
    -1.9886723431923667,
    2.231272954787104,
    -0.14730886263246878,
    1.1805609591195667,
    -0.807112640657083,
    -1.600594602762371,
    -0.9861836278624367,
    -0.059256565706137465,
    -1.5006537408324105,
    -1.9201706261586524,
    0.3411136333703384,
    1.2347845773458426,
    -1.5122358818831303,
    -2.950357525066642,
    -0.2891263900980059,
    -2.6470155684676273,
    2.165624471140032
  ],
  "opt_path": [
    -1.1059999999999004,
    -1.069599999999899
  ],
  "params_path": [
    [
      -0.5230247878841323,
      -2.5733422164404773,
      2.7278912653372522,
      1.6583778570184986,
      2.2936857159520443,
      3.0749552627850525,
      0.027458518211607164,
      -0.7942381373905323,
      0.20692277497236944,
      -1.510224970591796,
      0.596632553387697,
      0.014144768656116025,
      -0.8811039666934346,
      -1.1308802992023281,
      -1.0734800151790154,
      -1.7221404705861592,
      -1.6534967705114718,
      -1.21825302426958,
      2.9260882485853115,
      1.6826124449344082,
      -0.7168771324378604,
      -1.4146371286435768,
      -1.9597773525386541,
      -1.3607289782843295,
      1.658306268004086,
      1.8554140451932817,
      -1.6293788258229072,
      1.0639275852368684,
      2.3873145160457074,
      0.7980019071397195,
      2.4189534528796104,
      1.6116128693398908,
      -0.9716703312172883,
      2.0411945230457995,
      1.208457578749897,
      -2.4078885209745136,
      -2.121993507370364,
      1.8333995921695365,
      -2.6774126744183913,
      -1.6123958420180304,
      2.928563588963189,
      -1.278760749951208,
      0.03988340023075221,
      -1.9886723431923667,
      2.231272954787104,
      -0.14730886263246878,
      1.1805609591195667,
      -0.807112640657083,
      -1.600594602762371,
      -0.9861836278624367,
      -0.059256565706137465,
      -1.5006537408324105,
      -1.9201706261586524,
      0.3411136333703384,
      1.2347845773458426,
      -1.5122358818831303,
      -2.950357525066642,
      -0.2891263900980059,
      -2.6470155684676273,
      2.165624471140032
    ],
    [
      -1.5230247878841323,
      -2.5733422164404773,
      2.7278912653372522,
      1.6583778570184986,
      2.2936857159520443,
      3.0749552627850525,
      0.027458518211607164,
      -0.7942381373905323,
      0.20692277497236944,
      -1.510224970591796,
      0.596632553387697,
      0.014144768656116025,
      -0.8811039666934346,
      -1.1308802992023281,
      -1.0734800151790154,
      -1.7221404705861592,
      -1.6534967705114718,
      -1.21825302426958,
      2.9260882485853115,
      1.6826124449344082,
      -0.7168771324378604,
      -1.4146371286435768,
      -1.9597773525386541,
      -1.3607289782843295,
      1.658306268004086,
      1.8554140451932817,
      -1.6293788258229072,
      1.0639275852368684,
      2.3873145160457074,
      0.7980019071397195,
      2.4189534528796104,
      1.6116128693398908,
      -0.9716703312172883,
      2.0411945230457995,
      1.208457578749897,
      -2.4078885209745136,
      -2.121993507370364,
      1.8333995921695365,
      -2.6774126744183913,
      -1.6123958420180304,
      2.928563588963189,
      -1.278760749951208,
      0.03988340023075221,
      -1.9886723431923667,
      2.231272954787104,
      -0.14730886263246878,
      1.1805609591195667,
      -0.807112640657083,
      -1.600594602762371,
      -0.9861836278624367,
      -0.059256565706137465,
      -1.5006537408324105,
      -1.9201706261586524,
      0.3411136333703384,
      1.2347845773458426,
      -1.5122358818831303,
      -2.950357525066642,
      -0.2891263900980059,
      -2.6470155684676273,
      2.165624471140032
    ]
  ],
  "time_taken": 1062.997709274292,
  "n_steps": 2,
  "simulation_time": 993.5407211780548
}