{
  "best_cost": -0.16679999999999995,
  "best_params": [
    -3.0007635699256476,
    -1.5901602608852727,
    1.6270985805534854,
    3.0609047711940667,
    -2.606009770361775,
    1.2518577723787052,
    -2.966673384915954,
    1.5858998307885948,
    2.115821914717297,
    2.6417034934030212,
    1.8643107828196568,
    -0.8626311382725729,
    1.2514699704370527,
    -2.5923273155722732,
    0.09203502618203885,
    1.1193853215194371,
    -1.7850595181417312,
    -2.004063213006927,
    -3.060104591853183,
    2.0616440140361547
  ],
  "opt_path": [
    -0.054000000000000034,
    -0.16679999999999995
  ],
  "params_path": [
    [
      -2.0007635699256476,
      -1.5901602608852727,
      1.6270985805534854,
      3.0609047711940667,
      -2.606009770361775,
      1.2518577723787052,
      -2.966673384915954,
      1.5858998307885948,
      2.115821914717297,
      2.6417034934030212,
      1.8643107828196568,
      -0.8626311382725729,
      1.2514699704370527,
      -2.5923273155722732,
      0.09203502618203885,
      1.1193853215194371,
      -1.7850595181417312,
      -2.004063213006927,
      -3.060104591853183,
      2.0616440140361547
    ],
    [
      -3.0007635699256476,
      -1.5901602608852727,
      1.6270985805534854,
      3.0609047711940667,
      -2.606009770361775,
      1.2518577723787052,
      -2.966673384915954,
      1.5858998307885948,
      2.115821914717297,
      2.6417034934030212,
      1.8643107828196568,
      -0.8626311382725729,
      1.2514699704370527,
      -2.5923273155722732,
      0.09203502618203885,
      1.1193853215194371,
      -1.7850595181417312,
      -2.004063213006927,
      -3.060104591853183,
      2.0616440140361547
    ]
  ],
  "time_taken": 2.8424415588378906,
  "n_steps": 2,
  "simulation_time": 2.7449111938476562
}