{
  "best_cost": -0.33599999999999974,
  "best_params": [
    -1.2836345395912452,
    1.7102350539122,
    -0.7216586600971913,
    0.3155972023820466,
    2.874490725481703,
    -1.2815636171908953,
    -1.6300613457682227,
    0.9877114093849038,
    0.22382275354484626,
    2.8644614218306073,
    -0.6338944837179299,
    1.3386658338381672,
    -2.9204396000629314,
    2.1298307636485863,
    0.10456030499450586,
    -0.5245692029049267,
    1.4387351321360322,
    2.841454972591955,
    -2.7283629098707,
    1.6682472420529653,
    -0.04395970139178207,
    -2.4352448929343495,
    0.6158147058370855,
    0.9531872706298765,
    -2.178077875157768,
    2.255159345986505,
    -2.453223979547922,
    1.8891163128318906,
    -3.0593320511807494,
    2.499680509453687,
    2.1600320217573445,
    1.429480758331004
  ],
  "opt_path": [
    -0.17879999999999996,
    -0.33599999999999974
  ],
  "params_path": [
    [
      -0.2836345395912452,
      1.7102350539122,
      -0.7216586600971913,
      0.3155972023820466,
      2.874490725481703,
      -1.2815636171908953,
      -1.6300613457682227,
      0.9877114093849038,
      0.22382275354484626,
      2.8644614218306073,
      -0.6338944837179299,
      1.3386658338381672,
      -2.9204396000629314,
      2.1298307636485863,
      0.10456030499450586,
      -0.5245692029049267,
      1.4387351321360322,
      2.841454972591955,
      -2.7283629098707,
      1.6682472420529653,
      -0.04395970139178207,
      -2.4352448929343495,
      0.6158147058370855,
      0.9531872706298765,
      -2.178077875157768,
      2.255159345986505,
      -2.453223979547922,
      1.8891163128318906,
      -3.0593320511807494,
      2.499680509453687,
      2.1600320217573445,
      1.429480758331004
    ],
    [
      -1.2836345395912452,
      1.7102350539122,
      -0.7216586600971913,
      0.3155972023820466,
      2.874490725481703,
      -1.2815636171908953,
      -1.6300613457682227,
      0.9877114093849038,
      0.22382275354484626,
      2.8644614218306073,
      -0.6338944837179299,
      1.3386658338381672,
      -2.9204396000629314,
      2.1298307636485863,
      0.10456030499450586,
      -0.5245692029049267,
      1.4387351321360322,
      2.841454972591955,
      -2.7283629098707,
      1.6682472420529653,
      -0.04395970139178207,
      -2.4352448929343495,
      0.6158147058370855,
      0.9531872706298765,
      -2.178077875157768,
      2.255159345986505,
      -2.453223979547922,
      1.8891163128318906,
      -3.0593320511807494,
      2.499680509453687,
      2.1600320217573445,
      1.429480758331004
    ]
  ],
  "time_taken": 18.418292760849,
  "n_steps": 2,
  "simulation_time": 17.37937307357788
}