{
  "best_cost": -0.014400000000000024,
  "best_params": [
    0.09415401641039445,
    1.684709020740903,
    0.1584619275809711,
    -0.44487331148250053,
    -0.9269695181942876,
    -0.8216673873933726,
    -0.2573172366755627,
    3.0992969072932857,
    1.196142559733124,
    2.7602091968467084,
    -2.8235476765487286,
    2.072777155962595,
    -2.692641145794159,
    -1.5431115555862214,
    -3.0341251252831745,
    -3.1051726187954793
  ],
  "opt_path": [
    0.41639999999999994,
    -0.014400000000000024
  ],
  "params_path": [
    [
      1.0941540164103944,
      1.684709020740903,
      0.1584619275809711,
      -0.44487331148250053,
      -0.9269695181942876,
      -0.8216673873933726,
      -0.2573172366755627,
      3.0992969072932857,
      1.196142559733124,
      2.7602091968467084,
      -2.8235476765487286,
      2.072777155962595,
      -2.692641145794159,
      -1.5431115555862214,
      -3.0341251252831745,
      -3.1051726187954793
    ],
    [
      0.09415401641039445,
      1.684709020740903,
      0.1584619275809711,
      -0.44487331148250053,
      -0.9269695181942876,
      -0.8216673873933726,
      -0.2573172366755627,
      3.0992969072932857,
      1.196142559733124,
      2.7602091968467084,
      -2.8235476765487286,
      2.072777155962595,
      -2.692641145794159,
      -1.5431115555862214,
      -3.0341251252831745,
      -3.1051726187954793
    ]
  ],
  "time_taken": 1.8418774604797363,
  "n_steps": 2,
  "simulation_time": 1.790386438369751
}