{
  "best_cost": 1.0535999999999992,
  "best_params": [
    -2.347732841891615,
    0.5886429236216744,
    -0.8710090848202614,
    2.8360248659406766,
    -3.0606747896554105,
    0.24605538288807027,
    -2.531370428629145,
    -2.2166481916177214,
    -2.001472541706532,
    -1.145938329560378,
    2.4177020955967246,
    -3.0651779053210495,
    -0.25667769826995634,
    -1.6866335680950963,
    -1.4549876805498294,
    0.24701281433364342,
    -2.5423485507511048,
    3.095091218327676,
    1.8178882871177438,
    0.34946353431275723,
    0.10214172398885868,
    -1.1665297120257816,
    -2.768095016554553,
    -3.0422653944978006,
    0.5722308021752887,
    0.5563815491718698,
    1.9458016911261575,
    -1.3494845089474254,
    0.8166851710001017,
    2.517030902975046,
    1.4887802597122706,
    3.036036858530556,
    1.9731164174954543,
    -1.3872764728076852,
    0.9982660847055866,
    0.7220454343227631,
    1.8805474423709914,
    -2.48362931503252,
    0.35808352342889416,
    -1.3731594593698038
  ],
  "opt_path": [
    1.0555999999999999,
    1.0535999999999992
  ],
  "params_path": [
    [
      -1.3477328418916148,
      0.5886429236216744,
      -0.8710090848202614,
      2.8360248659406766,
      -3.0606747896554105,
      0.24605538288807027,
      -2.531370428629145,
      -2.2166481916177214,
      -2.001472541706532,
      -1.145938329560378,
      2.4177020955967246,
      -3.0651779053210495,
      -0.25667769826995634,
      -1.6866335680950963,
      -1.4549876805498294,
      0.24701281433364342,
      -2.5423485507511048,
      3.095091218327676,
      1.8178882871177438,
      0.34946353431275723,
      0.10214172398885868,
      -1.1665297120257816,
      -2.768095016554553,
      -3.0422653944978006,
      0.5722308021752887,
      0.5563815491718698,
      1.9458016911261575,
      -1.3494845089474254,
      0.8166851710001017,
      2.517030902975046,
      1.4887802597122706,
      3.036036858530556,
      1.9731164174954543,
      -1.3872764728076852,
      0.9982660847055866,
      0.7220454343227631,
      1.8805474423709914,
      -2.48362931503252,
      0.35808352342889416,
      -1.3731594593698038
    ],
    [
      -2.347732841891615,
      0.5886429236216744,
      -0.8710090848202614,
      2.8360248659406766,
      -3.0606747896554105,
      0.24605538288807027,
      -2.531370428629145,
      -2.2166481916177214,
      -2.001472541706532,
      -1.145938329560378,
      2.4177020955967246,
      -3.0651779053210495,
      -0.25667769826995634,
      -1.6866335680950963,
      -1.4549876805498294,
      0.24701281433364342,
      -2.5423485507511048,
      3.095091218327676,
      1.8178882871177438,
      0.34946353431275723,
      0.10214172398885868,
      -1.1665297120257816,
      -2.768095016554553,
      -3.0422653944978006,
      0.5722308021752887,
      0.5563815491718698,
      1.9458016911261575,
      -1.3494845089474254,
      0.8166851710001017,
      2.517030902975046,
      1.4887802597122706,
      3.036036858530556,
      1.9731164174954543,
      -1.3872764728076852,
      0.9982660847055866,
      0.7220454343227631,
      1.8805474423709914,
      -2.48362931503252,
      0.35808352342889416,
      -1.3731594593698038
    ]
  ],
  "time_taken": 82.64289999008179,
  "n_steps": 2,
  "simulation_time": 77.32607054710388
}