{
  "best_cost": 0.7544000000000001,
  "best_params": [
    -3.1167393604782068,
    -2.2374322146859096,
    -2.6885503180047294,
    0.4955098974811607,
    -2.5105734547354093,
    -0.12632071815435486,
    -0.6765490490079262,
    -1.8907142757263375,
    0.9111751748512864,
    -0.3036235101007807,
    -0.21365437062330672,
    -2.0855207363924118,
    -0.7007162264019464,
    1.149404140259203,
    -3.117713739461683,
    -2.3646783332009758,
    -1.247441923149658,
    0.7092408105186814,
    0.5701597517226409,
    -1.8744122470060745,
    -0.7691795775596941,
    1.0758261487582637,
    -2.1966801453305598,
    -0.13116212338571032,
    1.8108527250537376,
    -3.1196971190207377,
    -2.0835922416191113,
    1.084897559333399
  ],
  "opt_path": [
    0.7472000000000001,
    0.7544000000000001
  ],
  "params_path": [
    [
      -2.1167393604782068,
      -2.2374322146859096,
      -2.6885503180047294,
      0.4955098974811607,
      -2.5105734547354093,
      -0.12632071815435486,
      -0.6765490490079262,
      -1.8907142757263375,
      0.9111751748512864,
      -0.3036235101007807,
      -0.21365437062330672,
      -2.0855207363924118,
      -0.7007162264019464,
      1.149404140259203,
      -3.117713739461683,
      -2.3646783332009758,
      -1.247441923149658,
      0.7092408105186814,
      0.5701597517226409,
      -1.8744122470060745,
      -0.7691795775596941,
      1.0758261487582637,
      -2.1966801453305598,
      -0.13116212338571032,
      1.8108527250537376,
      -3.1196971190207377,
      -2.0835922416191113,
      1.084897559333399
    ],
    [
      -3.1167393604782068,
      -2.2374322146859096,
      -2.6885503180047294,
      0.4955098974811607,
      -2.5105734547354093,
      -0.12632071815435486,
      -0.6765490490079262,
      -1.8907142757263375,
      0.9111751748512864,
      -0.3036235101007807,
      -0.21365437062330672,
      -2.0855207363924118,
      -0.7007162264019464,
      1.149404140259203,
      -3.117713739461683,
      -2.3646783332009758,
      -1.247441923149658,
      0.7092408105186814,
      0.5701597517226409,
      -1.8744122470060745,
      -0.7691795775596941,
      1.0758261487582637,
      -2.1966801453305598,
      -0.13116212338571032,
      1.8108527250537376,
      -3.1196971190207377,
      -2.0835922416191113,
      1.084897559333399
    ]
  ],
  "time_taken": 8.861342430114746,
  "n_steps": 2,
  "simulation_time": 8.401288032531738
}