{
  "best_cost": -1.1672000000000013,
  "best_params": [
    2.2983705319813277,
    -0.9503829906531474,
    -1.6918235412956575,
    -2.273502145366935,
    3.1012382395559595,
    -0.5423726907171948,
    -0.5782518492475441,
    2.3481516007046332,
    3.115921596784286,
    -0.7237902773847114,
    2.8013267775487165,
    2.315496323660211,
    -1.9532653695988071,
    -2.7846070651859542,
    -0.2610338614962746,
    2.1250011732034846,
    -0.9727410383798101,
    -2.8136791150403715,
    -1.515242516155275,
    2.5771431277093555,
    2.463224704377436,
    -0.9075466626022486,
    1.810318308253147,
    0.9720352335031706,
    -1.7284718502544665,
    -0.2642451736606928,
    2.4271321310575997,
    3.1174048072155607,
    -0.09173220903159063,
    1.3776142409789447,
    2.6406884467537637,
    2.5849559647840668,
    -0.29360778237350216,
    -0.34791408380539846,
    1.2254565176769052,
    -1.3511518472437336,
    -1.4184200311736646,
    0.3433625685470969,
    2.8278115693394232,
    2.5088117743916127,
    -2.530336699735087,
    2.5081375156460535,
    -0.6980492603001105,
    -2.8039743286349497,
    -1.7228810261323522,
    -3.098125442733406,
    1.4408114693272758,
    -0.1913616466652588,
    2.7976343027724333,
    2.141315335572666,
    1.7290049719977532,
    -1.5583208356133895,
    0.8188121447446246,
    -1.6689253448690227,
    2.0616418871050577,
    1.9939059598112143
  ],
  "opt_path": [
    -1.1460000000000024,
    -1.1672000000000013
  ],
  "params_path": [
    [
      3.2983705319813277,
      -0.9503829906531474,
      -1.6918235412956575,
      -2.273502145366935,
      3.1012382395559595,
      -0.5423726907171948,
      -0.5782518492475441,
      2.3481516007046332,
      3.115921596784286,
      -0.7237902773847114,
      2.8013267775487165,
      2.315496323660211,
      -1.9532653695988071,
      -2.7846070651859542,
      -0.2610338614962746,
      2.1250011732034846,
      -0.9727410383798101,
      -2.8136791150403715,
      -1.515242516155275,
      2.5771431277093555,
      2.463224704377436,
      -0.9075466626022486,
      1.810318308253147,
      0.9720352335031706,
      -1.7284718502544665,
      -0.2642451736606928,
      2.4271321310575997,
      3.1174048072155607,
      -0.09173220903159063,
      1.3776142409789447,
      2.6406884467537637,
      2.5849559647840668,
      -0.29360778237350216,
      -0.34791408380539846,
      1.2254565176769052,
      -1.3511518472437336,
      -1.4184200311736646,
      0.3433625685470969,
      2.8278115693394232,
      2.5088117743916127,
      -2.530336699735087,
      2.5081375156460535,
      -0.6980492603001105,
      -2.8039743286349497,
      -1.7228810261323522,
      -3.098125442733406,
      1.4408114693272758,
      -0.1913616466652588,
      2.7976343027724333,
      2.141315335572666,
      1.7290049719977532,
      -1.5583208356133895,
      0.8188121447446246,
      -1.6689253448690227,
      2.0616418871050577,
      1.9939059598112143
    ],
    [
      2.2983705319813277,
      -0.9503829906531474,
      -1.6918235412956575,
      -2.273502145366935,
      3.1012382395559595,
      -0.5423726907171948,
      -0.5782518492475441,
      2.3481516007046332,
      3.115921596784286,
      -0.7237902773847114,
      2.8013267775487165,
      2.315496323660211,
      -1.9532653695988071,
      -2.7846070651859542,
      -0.2610338614962746,
      2.1250011732034846,
      -0.9727410383798101,
      -2.8136791150403715,
      -1.515242516155275,
      2.5771431277093555,
      2.463224704377436,
      -0.9075466626022486,
      1.810318308253147,
      0.9720352335031706,
      -1.7284718502544665,
      -0.2642451736606928,
      2.4271321310575997,
      3.1174048072155607,
      -0.09173220903159063,
      1.3776142409789447,
      2.6406884467537637,
      2.5849559647840668,
      -0.29360778237350216,
      -0.34791408380539846,
      1.2254565176769052,
      -1.3511518472437336,
      -1.4184200311736646,
      0.3433625685470969,
      2.8278115693394232,
      2.5088117743916127,
      -2.530336699735087,
      2.5081375156460535,
      -0.6980492603001105,
      -2.8039743286349497,
      -1.7228810261323522,
      -3.098125442733406,
      1.4408114693272758,
      -0.1913616466652588,
      2.7976343027724333,
      2.141315335572666,
      1.7290049719977532,
      -1.5583208356133895,
      0.8188121447446246,
      -1.6689253448690227,
      2.0616418871050577,
      1.9939059598112143
    ]
  ],
  "time_taken": 1865.8045663833618,
  "n_steps": 2,
  "simulation_time": 1812.16090798378
}