{
  "best_cost": 0.5304,
  "best_params": [
    2.7995495900566967,
    -2.9251582899870705,
    3.1346173896912797,
    -2.6413133101842865,
    2.361541038141537,
    2.400162626281059,
    -2.4667356520312347,
    -2.808878415601367,
    2.39835590033458,
    0.26859629407433117,
    -3.059709940657526,
    -2.3703806107934957,
    -0.4741076391665837,
    0.9933105511724145,
    2.4940474134737913,
    0.6483532948094184,
    2.364717025474331,
    0.573506733952462,
    1.04459730328852,
    0.18376928919021207,
    0.2188253175754844,
    -2.621207203381304,
    2.0582116101957384,
    0.6756059817917488
  ],
  "opt_path": [
    0.6191999999999998,
    0.5304
  ],
  "params_path": [
    [
      3.7995495900566967,
      -2.9251582899870705,
      3.1346173896912797,
      -2.6413133101842865,
      2.361541038141537,
      2.400162626281059,
      -2.4667356520312347,
      -2.808878415601367,
      2.39835590033458,
      0.26859629407433117,
      -3.059709940657526,
      -2.3703806107934957,
      -0.4741076391665837,
      0.9933105511724145,
      2.4940474134737913,
      0.6483532948094184,
      2.364717025474331,
      0.573506733952462,
      1.04459730328852,
      0.18376928919021207,
      0.2188253175754844,
      -2.621207203381304,
      2.0582116101957384,
      0.6756059817917488
    ],
    [
      2.7995495900566967,
      -2.9251582899870705,
      3.1346173896912797,
      -2.6413133101842865,
      2.361541038141537,
      2.400162626281059,
      -2.4667356520312347,
      -2.808878415601367,
      2.39835590033458,
      0.26859629407433117,
      -3.059709940657526,
      -2.3703806107934957,
      -0.4741076391665837,
      0.9933105511724145,
      2.4940474134737913,
      0.6483532948094184,
      2.364717025474331,
      0.573506733952462,
      1.04459730328852,
      0.18376928919021207,
      0.2188253175754844,
      -2.621207203381304,
      2.0582116101957384,
      0.6756059817917488
    ]
  ],
  "time_taken": 4.749692678451538,
  "n_steps": 2,
  "simulation_time": 4.53912091255188
}