{
  "best_cost": 0.10959999999999959,
  "best_params": [
    -3.0517477971881393,
    1.2546210740417578,
    2.159126755133009,
    -0.792865481589859,
    -0.2349557281631749,
    -0.01247175884082452,
    0.5385499220807639,
    2.6605068117436153,
    -1.2503030615745778,
    -1.9640106284155059,
    0.966964936436856,
    1.6879796936665592,
    0.20296728744999726,
    0.48029447349352994,
    -0.7025228077952286,
    -0.674466550689286,
    -2.418295785282561,
    2.2155926959106376,
    -2.1526066859186574,
    -0.29096874596107103,
    -0.7161606280468367,
    -2.290044322230629,
    0.04084579988827697,
    -0.903791632609869,
    -1.448640951391286,
    0.05403830928442899,
    -1.2170441583293208,
    -1.699008457110172,
    -1.5820917138359403,
    0.3303722217163769,
    2.3227625899731805,
    -0.3503526636530796,
    2.7351925567866493,
    1.7263667967708676,
    -1.7897420686947942,
    -2.311536999234067,
    -0.5418231300048637,
    2.013859002338103,
    -2.3901823192097207,
    0.5338378362963359,
    -1.122696569938518,
    0.6270303732175293,
    1.0011985447514755,
    -2.6274308191953746
  ],
  "opt_path": [
    0.12519999999999942,
    0.10959999999999959
  ],
  "params_path": [
    [
      -2.0517477971881393,
      1.2546210740417578,
      2.159126755133009,
      -0.792865481589859,
      -0.2349557281631749,
      -0.01247175884082452,
      0.5385499220807639,
      2.6605068117436153,
      -1.2503030615745778,
      -1.9640106284155059,
      0.966964936436856,
      1.6879796936665592,
      0.20296728744999726,
      0.48029447349352994,
      -0.7025228077952286,
      -0.674466550689286,
      -2.418295785282561,
      2.2155926959106376,
      -2.1526066859186574,
      -0.29096874596107103,
      -0.7161606280468367,
      -2.290044322230629,
      0.04084579988827697,
      -0.903791632609869,
      -1.448640951391286,
      0.05403830928442899,
      -1.2170441583293208,
      -1.699008457110172,
      -1.5820917138359403,
      0.3303722217163769,
      2.3227625899731805,
      -0.3503526636530796,
      2.7351925567866493,
      1.7263667967708676,
      -1.7897420686947942,
      -2.311536999234067,
      -0.5418231300048637,
      2.013859002338103,
      -2.3901823192097207,
      0.5338378362963359,
      -1.122696569938518,
      0.6270303732175293,
      1.0011985447514755,
      -2.6274308191953746
    ],
    [
      -3.0517477971881393,
      1.2546210740417578,
      2.159126755133009,
      -0.792865481589859,
      -0.2349557281631749,
      -0.01247175884082452,
      0.5385499220807639,
      2.6605068117436153,
      -1.2503030615745778,
      -1.9640106284155059,
      0.966964936436856,
      1.6879796936665592,
      0.20296728744999726,
      0.48029447349352994,
      -0.7025228077952286,
      -0.674466550689286,
      -2.418295785282561,
      2.2155926959106376,
      -2.1526066859186574,
      -0.29096874596107103,
      -0.7161606280468367,
      -2.290044322230629,
      0.04084579988827697,
      -0.903791632609869,
      -1.448640951391286,
      0.05403830928442899,
      -1.2170441583293208,
      -1.699008457110172,
      -1.5820917138359403,
      0.3303722217163769,
      2.3227625899731805,
      -0.3503526636530796,
      2.7351925567866493,
      1.7263667967708676,
      -1.7897420686947942,
      -2.311536999234067,
      -0.5418231300048637,
      2.013859002338103,
      -2.3901823192097207,
      0.5338378362963359,
      -1.122696569938518,
      0.6270303732175293,
      1.0011985447514755,
      -2.6274308191953746
    ]
  ],
  "time_taken": 182.88006567955017,
  "n_steps": 2,
  "simulation_time": 171.43872904777527
}