{
  "best_cost": 0.42799999999999994,
  "best_params": [
    -2.21536200991906,
    0.7271859354341323,
    -1.8236291308862789,
    2.184937048324696,
    -3.001419030982448,
    0.23481792357253317,
    -2.736406591815084,
    1.9707635914785966
  ],
  "opt_path": [
    0.3996000000000002,
    0.42799999999999994
  ],
  "params_path": [
    [
      -1.21536200991906,
      0.7271859354341323,
      -1.8236291308862789,
      2.184937048324696,
      -3.001419030982448,
      0.23481792357253317,
      -2.736406591815084,
      1.9707635914785966
    ],
    [
      -2.21536200991906,
      0.7271859354341323,
      -1.8236291308862789,
      2.184937048324696,
      -3.001419030982448,
      0.23481792357253317,
      -2.736406591815084,
      1.9707635914785966
    ]
  ],
  "time_taken": 0.9285733699798584,
  "n_steps": 2,
  "simulation_time": 0.9077119827270508
}