{
  "best_cost": 0.014800000000001284,
  "best_params": [
    -1.2152185182959674,
    1.1787777545955596,
    3.019490943967468,
    -0.6049627903666401,
    -0.7460319164215612,
    2.505628377955815,
    2.487693312432757,
    -0.8417059033062353,
    -2.6949959386144378,
    -0.3745089043551184,
    -1.554040207243991,
    -2.923292344151042,
    2.6803094724006273,
    -1.1222092631522251,
    -2.4191653220942166,
    -1.793525017754445,
    -2.531705511773245,
    2.0464362843563606,
    1.5764685553405435,
    -3.063417995336334,
    -2.113478351046952,
    -2.4194334721958946,
    1.7774395032617925,
    1.506833371971985,
    -2.484184098138083,
    -1.31710922599038,
    -1.584501507183522,
    2.031187667671049,
    0.18876838528289674,
    1.9141308934153987,
    -1.5387797172783646,
    3.129978460488953,
    -3.007478098324905,
    1.0868045905965573,
    2.36058060731615,
    3.097656349287891
  ],
  "opt_path": [
    0.06040000000000159,
    0.014800000000001284
  ],
  "params_path": [
    [
      -0.2152185182959674,
      1.1787777545955596,
      3.019490943967468,
      -0.6049627903666401,
      -0.7460319164215612,
      2.505628377955815,
      2.487693312432757,
      -0.8417059033062353,
      -2.6949959386144378,
      -0.3745089043551184,
      -1.554040207243991,
      -2.923292344151042,
      2.6803094724006273,
      -1.1222092631522251,
      -2.4191653220942166,
      -1.793525017754445,
      -2.531705511773245,
      2.0464362843563606,
      1.5764685553405435,
      -3.063417995336334,
      -2.113478351046952,
      -2.4194334721958946,
      1.7774395032617925,
      1.506833371971985,
      -2.484184098138083,
      -1.31710922599038,
      -1.584501507183522,
      2.031187667671049,
      0.18876838528289674,
      1.9141308934153987,
      -1.5387797172783646,
      3.129978460488953,
      -3.007478098324905,
      1.0868045905965573,
      2.36058060731615,
      3.097656349287891
    ],
    [
      -1.2152185182959674,
      1.1787777545955596,
      3.019490943967468,
      -0.6049627903666401,
      -0.7460319164215612,
      2.505628377955815,
      2.487693312432757,
      -0.8417059033062353,
      -2.6949959386144378,
      -0.3745089043551184,
      -1.554040207243991,
      -2.923292344151042,
      2.6803094724006273,
      -1.1222092631522251,
      -2.4191653220942166,
      -1.793525017754445,
      -2.531705511773245,
      2.0464362843563606,
      1.5764685553405435,
      -3.063417995336334,
      -2.113478351046952,
      -2.4194334721958946,
      1.7774395032617925,
      1.506833371971985,
      -2.484184098138083,
      -1.31710922599038,
      -1.584501507183522,
      2.031187667671049,
      0.18876838528289674,
      1.9141308934153987,
      -1.5387797172783646,
      3.129978460488953,
      -3.007478098324905,
      1.0868045905965573,
      2.36058060731615,
      3.097656349287891
    ]
  ],
  "time_taken": 39.08416771888733,
  "n_steps": 2,
  "simulation_time": 36.73550200462341
}