{
  "best_cost": -0.7563999999999999,
  "best_params": [
    1.82128371543273,
    1.48169629713993,
    2.847261037180211,
    -1.9073114431546048,
    2.4523930564935825,
    1.411183177498566,
    -0.3653760102086862,
    -2.6397012172597876,
    0.2504885097607911,
    0.9670983946568034,
    -0.9561806683233176,
    -2.1893287032927593,
    -3.025441804068395,
    1.5266291994709411,
    1.621622304428347,
    1.8146716599664674,
    -2.8701387563001406,
    0.4160745748909323,
    -0.9555576954453404,
    -1.2810742336000815,
    -0.5308896606597701,
    1.30165779488534,
    2.056783797251636,
    -2.6667339696999277,
    -2.4336847576467466,
    -0.538279236237334,
    2.3128585275031948,
    2.3762878562430148,
    1.7833643385717008,
    -2.884190120098146,
    -2.0779190286496565,
    2.9529980079231026,
    -1.769672213050411,
    3.052973412315055,
    0.41370243403007123,
    -1.1990070492414768,
    -1.057372711068677,
    -1.5304348344903296,
    -1.2878891560125045,
    0.4442598418371747
  ],
  "opt_path": [
    -0.7520000000000003
  ],
  "params_path": [
    [
      1.82128371543273,
      1.48169629713993,
      2.847261037180211,
      -1.9073114431546048,
      2.4523930564935825,
      1.411183177498566,
      -0.3653760102086862,
      -2.6397012172597876,
      0.2504885097607911,
      0.9670983946568034,
      -0.9561806683233176,
      -2.1893287032927593,
      -3.025441804068395,
      1.5266291994709411,
      1.621622304428347,
      1.8146716599664674,
      -2.8701387563001406,
      0.4160745748909323,
      -0.9555576954453404,
      -1.2810742336000815,
      -0.5308896606597701,
      1.30165779488534,
      2.056783797251636,
      -2.6667339696999277,
      -2.4336847576467466,
      -0.538279236237334,
      2.3128585275031948,
      2.3762878562430148,
      1.7833643385717008,
      -2.884190120098146,
      -2.0779190286496565,
      2.9529980079231026,
      -1.769672213050411,
      3.052973412315055,
      0.41370243403007123,
      -1.1990070492414768,
      -1.057372711068677,
      -1.5304348344903296,
      -1.2878891560125045,
      0.4442598418371747
    ]
  ],
  "time_taken": 19.99445152282715,
  "n_steps": 1,
  "simulation_time": 19.320040225982666
}