{
  "best_cost": -0.8988000000000002,
  "best_params": [
    -0.6238513609726778,
    -1.5435410729835761,
    -1.9279597962762738,
    2.0677649756732945,
    2.265551801241875,
    0.2726211994346939,
    0.3738222612242061,
    2.9820961628482623,
    -2.754513158890315,
    1.2170867200660662,
    -0.913093947702127,
    -2.6552411998348413,
    1.9623390832025398,
    2.549473319244363,
    0.44015715539264255,
    2.692147833535879,
    -1.3427989934308115,
    2.5632944981873615,
    -0.007356201089553664,
    1.3737927976025601,
    -2.8087702736756492,
    -0.5568447704900271,
    1.0086136988079586,
    -1.931114729525497,
    -1.157560185332698,
    -2.9830698264267674,
    0.5484873983035409,
    -1.3924271494423275,
    -1.098830756464807,
    0.05481352406060511,
    2.2846711523002776,
    2.0203941221476875
  ],
  "opt_path": [
    -0.8867999999999998
  ],
  "params_path": [
    [
      -0.6238513609726778,
      -1.5435410729835761,
      -1.9279597962762738,
      2.0677649756732945,
      2.265551801241875,
      0.2726211994346939,
      0.3738222612242061,
      2.9820961628482623,
      -2.754513158890315,
      1.2170867200660662,
      -0.913093947702127,
      -2.6552411998348413,
      1.9623390832025398,
      2.549473319244363,
      0.44015715539264255,
      2.692147833535879,
      -1.3427989934308115,
      2.5632944981873615,
      -0.007356201089553664,
      1.3737927976025601,
      -2.8087702736756492,
      -0.5568447704900271,
      1.0086136988079586,
      -1.931114729525497,
      -1.157560185332698,
      -2.9830698264267674,
      0.5484873983035409,
      -1.3924271494423275,
      -1.098830756464807,
      0.05481352406060511,
      2.2846711523002776,
      2.0203941221476875
    ]
  ],
  "time_taken": 9.082069158554077,
  "n_steps": 1,
  "simulation_time": 8.883296489715576
}