{
  "best_cost": -1.346799999999946,
  "best_params": [
    -2.2038818719791924,
    1.5592664861174554,
    2.0430133178612238,
    -0.9913952176182224,
    0.8945785175234369,
    -2.0464276720144614,
    0.4173045124849645,
    0.16249500006961193,
    -1.8637023875510546,
    0.09298105703491025,
    1.018347908958924,
    3.033655138614012,
    0.24884155648444067,
    -2.476395295854939,
    1.320120429117783,
    1.2219183291004687,
    0.7506798952948759,
    -1.5409831437387742,
    -1.0493365806271253,
    0.5773326882417672,
    0.9323178766286266,
    2.574201654567282,
    2.3595879084410134,
    1.3573285304038512,
    -1.5268332700125797,
    -2.777830434835998,
    2.9838783175903347,
    -1.3231576984515092,
    -2.9434356172881717,
    -0.4376400889839701,
    -2.4737102291019135,
    -2.466848860102037,
    -2.457612210186862,
    2.103715200439002,
    -2.7911437629205906,
    2.33788534221723,
    2.66451412694216,
    -1.6846234309855348,
    0.7814233703041259,
    1.4975105580695907,
    0.6727945167565066,
    1.8175929668785789,
    2.0562412005325514,
    -1.1214353426793038,
    -0.5510132843787438,
    2.4931670204340084,
    -2.5098593750970313,
    -3.0525141868556362,
    0.4883038426224441,
    -3.1113062852334905,
    -2.264206176430862,
    1.9196730725604207,
    1.7791159740823357,
    -1.626583238629549,
    1.5015526574278495,
    -1.8511018221590454,
    -2.9596422033872036,
    0.5640796055512194,
    0.49575285314366335,
    -1.7079601319077014
  ],
  "opt_path": [
    -1.3511999999999533
  ],
  "params_path": [
    [
      -2.2038818719791924,
      1.5592664861174554,
      2.0430133178612238,
      -0.9913952176182224,
      0.8945785175234369,
      -2.0464276720144614,
      0.4173045124849645,
      0.16249500006961193,
      -1.8637023875510546,
      0.09298105703491025,
      1.018347908958924,
      3.033655138614012,
      0.24884155648444067,
      -2.476395295854939,
      1.320120429117783,
      1.2219183291004687,
      0.7506798952948759,
      -1.5409831437387742,
      -1.0493365806271253,
      0.5773326882417672,
      0.9323178766286266,
      2.574201654567282,
      2.3595879084410134,
      1.3573285304038512,
      -1.5268332700125797,
      -2.777830434835998,
      2.9838783175903347,
      -1.3231576984515092,
      -2.9434356172881717,
      -0.4376400889839701,
      -2.4737102291019135,
      -2.466848860102037,
      -2.457612210186862,
      2.103715200439002,
      -2.7911437629205906,
      2.33788534221723,
      2.66451412694216,
      -1.6846234309855348,
      0.7814233703041259,
      1.4975105580695907,
      0.6727945167565066,
      1.8175929668785789,
      2.0562412005325514,
      -1.1214353426793038,
      -0.5510132843787438,
      2.4931670204340084,
      -2.5098593750970313,
      -3.0525141868556362,
      0.4883038426224441,
      -3.1113062852334905,
      -2.264206176430862,
      1.9196730725604207,
      1.7791159740823357,
      -1.626583238629549,
      1.5015526574278495,
      -1.8511018221590454,
      -2.9596422033872036,
      0.5640796055512194,
      0.49575285314366335,
      -1.7079601319077014
    ]
  ],
  "time_taken": 1411.4186878204346,
  "n_steps": 1,
  "simulation_time": 568.4772424697876
}