{
  "best_cost": -1.2747999999999746,
  "best_params": [
    -0.9276098564583389,
    -0.8454093721858443,
    1.3392965634571103,
    -2.163767986304792,
    0.4791613071313981,
    2.8611490176169325,
    -0.7349751459251326,
    0.005850491026353652,
    2.709126238657151,
    1.1837599569733406,
    1.2733366987404056,
    1.5466193171924008,
    2.1850045482268716,
    -1.103541394232142,
    -2.78997588997434,
    0.2735129997148711,
    2.774078553539149,
    -1.7469892193840069,
    -2.4560198583538986,
    -2.520012181494648,
    0.15767859218182873,
    2.1765316984166754,
    0.012856046723336682,
    -0.1252208117396459,
    -2.2393594388679965,
    2.261159762010997,
    0.5438063536370976,
    -0.6772227603302434,
    1.725720436670971,
    -1.2716912359547117,
    0.2968281740638884,
    1.2742843762339002,
    2.7248691015744027,
    -2.552170314953065,
    -0.8513684331872957,
    0.9647388843567907,
    1.9041286439076879,
    -2.147189220471148,
    0.5556801856150393,
    -0.42739592332068616,
    -1.9598250253578455,
    0.7414673065329038,
    3.1089214614212777,
    -2.098096271256442,
    1.8091679985212017,
    2.6510359980013347,
    -0.2467215393356638,
    0.46945067142888475,
    1.761548442315224,
    3.007254079399906,
    -2.048474492064181,
    -1.4979591028929091,
    2.1180429823534337,
    0.376025624216534,
    0.548073175015383,
    -1.4210739304129139,
    1.828658867139991,
    -0.5719944905808819,
    1.7659997022485616,
    1.6907735573851703,
    -0.09593280048365549,
    1.1398884472582502,
    -2.9127402897887205,
    2.3106915202437235
  ],
  "opt_path": [
    -1.3535999999999742
  ],
  "params_path": [
    [
      -0.9276098564583389,
      -0.8454093721858443,
      1.3392965634571103,
      -2.163767986304792,
      0.4791613071313981,
      2.8611490176169325,
      -0.7349751459251326,
      0.005850491026353652,
      2.709126238657151,
      1.1837599569733406,
      1.2733366987404056,
      1.5466193171924008,
      2.1850045482268716,
      -1.103541394232142,
      -2.78997588997434,
      0.2735129997148711,
      2.774078553539149,
      -1.7469892193840069,
      -2.4560198583538986,
      -2.520012181494648,
      0.15767859218182873,
      2.1765316984166754,
      0.012856046723336682,
      -0.1252208117396459,
      -2.2393594388679965,
      2.261159762010997,
      0.5438063536370976,
      -0.6772227603302434,
      1.725720436670971,
      -1.2716912359547117,
      0.2968281740638884,
      1.2742843762339002,
      2.7248691015744027,
      -2.552170314953065,
      -0.8513684331872957,
      0.9647388843567907,
      1.9041286439076879,
      -2.147189220471148,
      0.5556801856150393,
      -0.42739592332068616,
      -1.9598250253578455,
      0.7414673065329038,
      3.1089214614212777,
      -2.098096271256442,
      1.8091679985212017,
      2.6510359980013347,
      -0.2467215393356638,
      0.46945067142888475,
      1.761548442315224,
      3.007254079399906,
      -2.048474492064181,
      -1.4979591028929091,
      2.1180429823534337,
      0.376025624216534,
      0.548073175015383,
      -1.4210739304129139,
      1.828658867139991,
      -0.5719944905808819,
      1.7659997022485616,
      1.6907735573851703,
      -0.09593280048365549,
      1.1398884472582502,
      -2.9127402897887205,
      2.3106915202437235
    ]
  ],
  "time_taken": 2349.441593170166,
  "n_steps": 1,
  "simulation_time": 1234.8940353393555
}