{
  "best_cost": -0.9192,
  "best_params": [
    2.960209536749662,
    -1.4933042602186473,
    2.0423709158478003,
    2.1381848460955832,
    1.6012398568165676,
    -1.6153802579795833,
    2.297323984507027,
    -1.155880700288657,
    -0.1537187460257191,
    -0.40300574678257767,
    -0.3794772612684542,
    -0.6075803610411201,
    0.7775313394984102,
    2.903758724094629,
    0.17626914579136246,
    2.09949292455862,
    2.5597414906179745,
    -1.4814850172271468,
    0.0736980681405379,
    -0.4152955153569434
  ],
  "opt_path": [
    -0.9192
  ],
  "params_path": [
    [
      2.960209536749662,
      -1.4933042602186473,
      2.0423709158478003,
      2.1381848460955832,
      1.6012398568165676,
      -1.6153802579795833,
      2.297323984507027,
      -1.155880700288657,
      -0.1537187460257191,
      -0.40300574678257767,
      -0.3794772612684542,
      -0.6075803610411201,
      0.7775313394984102,
      2.903758724094629,
      0.17626914579136246,
      2.09949292455862,
      2.5597414906179745,
      -1.4814850172271468,
      0.0736980681405379,
      -0.4152955153569434
    ]
  ],
  "time_taken": 3.6682870388031006,
  "n_steps": 1,
  "simulation_time": 3.142841100692749
}