{
  "best_cost": -1.4175999999999978,
  "best_params": [
    -0.2628858453221623,
    -0.16193921735651887,
    -0.9267719312260995,
    0.17650954164177676,
    2.6123456030298318,
    2.3376496951542194,
    2.2612780137849953,
    -2.635301063474986,
    -2.4927728091375227,
    1.9496286014078814,
    2.8307662203394304,
    1.6872280053502577,
    -0.9780959812142015,
    -1.3541272628691472,
    -1.2487538686481914,
    -1.3060442718178507,
    -1.4656291165930224,
    -1.8760051900859787,
    0.8652143629134271,
    2.305855704943035,
    0.7370921902191162,
    0.514249666778034,
    -1.668051371099537,
    2.2001669337871124,
    -0.42948307694064436,
    2.355469426096899,
    -2.0514229350972277,
    -0.5836437407543141,
    0.07655983108116719,
    0.3574863565761294,
    -2.0040808919294912,
    0.4474917063767646,
    1.925410624334424,
    0.3685783018741561,
    -0.5776981794186775,
    -3.000366957543653,
    1.1500696678955074,
    1.4919251336220836,
    2.864128541362766,
    -2.73852262138197,
    0.589483170293239,
    0.04637171239528972,
    2.4130901670654343,
    3.066221537725281,
    -2.2814137044318006,
    -1.3199585014275277,
    -2.4405815964101256,
    -0.3675395710382076,
    2.3160451533067263,
    0.23681069399505272,
    -2.5744337486161,
    0.2864011541063388,
    -2.437873351001455,
    0.6971095565668627,
    0.03551898256974801,
    0.7056558233381323
  ],
  "opt_path": [
    -1.4175999999999978
  ],
  "params_path": [
    [
      -0.2628858453221623,
      -0.16193921735651887,
      -0.9267719312260995,
      0.17650954164177676,
      2.6123456030298318,
      2.3376496951542194,
      2.2612780137849953,
      -2.635301063474986,
      -2.4927728091375227,
      1.9496286014078814,
      2.8307662203394304,
      1.6872280053502577,
      -0.9780959812142015,
      -1.3541272628691472,
      -1.2487538686481914,
      -1.3060442718178507,
      -1.4656291165930224,
      -1.8760051900859787,
      0.8652143629134271,
      2.305855704943035,
      0.7370921902191162,
      0.514249666778034,
      -1.668051371099537,
      2.2001669337871124,
      -0.42948307694064436,
      2.355469426096899,
      -2.0514229350972277,
      -0.5836437407543141,
      0.07655983108116719,
      0.3574863565761294,
      -2.0040808919294912,
      0.4474917063767646,
      1.925410624334424,
      0.3685783018741561,
      -0.5776981794186775,
      -3.000366957543653,
      1.1500696678955074,
      1.4919251336220836,
      2.864128541362766,
      -2.73852262138197,
      0.589483170293239,
      0.04637171239528972,
      2.4130901670654343,
      3.066221537725281,
      -2.2814137044318006,
      -1.3199585014275277,
      -2.4405815964101256,
      -0.3675395710382076,
      2.3160451533067263,
      0.23681069399505272,
      -2.5744337486161,
      0.2864011541063388,
      -2.437873351001455,
      0.6971095565668627,
      0.03551898256974801,
      0.7056558233381323
    ]
  ],
  "time_taken": 2371.5383467674255,
  "n_steps": 1,
  "simulation_time": 1757.668862581253
}