{
  "best_cost": -1.3888000000000003,
  "best_params": [
    -0.5349107747596148,
    0.08543289554446643,
    1.4796895616367076,
    -0.978294909478944,
    2.3804860862581907,
    -1.4887485027381668,
    -1.8437725530744713,
    -1.6360440409393247
  ],
  "opt_path": [
    -1.3803999999999998
  ],
  "params_path": [
    [
      -0.5349107747596148,
      0.08543289554446643,
      1.4796895616367076,
      -0.978294909478944,
      2.3804860862581907,
      -1.4887485027381668,
      -1.8437725530744713,
      -1.6360440409393247
    ]
  ],
  "time_taken": 2.7178239822387695,
  "n_steps": 1,
  "simulation_time": 2.6657164096832275
}