{
  "best_cost": -1.4160000000000001,
  "best_params": [
    -0.9057020715952464,
    0.585387272041108,
    3.0460322083537448,
    2.282242004849233,
    -0.4036002649516838,
    1.3293561490026462,
    1.871630548231233,
    -0.45925804963353717,
    0.40080120341090436,
    1.1446393892104754,
    -1.3615474623349038,
    -1.262588105838825,
    1.4509718531460216,
    1.5755167147456415,
    1.9158514068923982,
    2.5163609679894057
  ],
  "opt_path": [
    -1.4112
  ],
  "params_path": [
    [
      -0.9057020715952464,
      0.585387272041108,
      3.0460322083537448,
      2.282242004849233,
      -0.4036002649516838,
      1.3293561490026462,
      1.871630548231233,
      -0.45925804963353717,
      0.40080120341090436,
      1.1446393892104754,
      -1.3615474623349038,
      -1.262588105838825,
      1.4509718531460216,
      1.5755167147456415,
      1.9158514068923982,
      2.5163609679894057
    ]
  ],
  "time_taken": 5.335608959197998,
  "n_steps": 1,
  "simulation_time": 5.101254224777222
}