{
  "best_cost": -1.3631999999999453,
  "best_params": [
    -0.6868485379291199,
    0.31814346247704334,
    0.58531432659556,
    -0.35733720371321254,
    0.5094275751927081,
    1.2624687323582207,
    -0.6980561893107426,
    -1.3758860606756804,
    0.943215996581476,
    -2.322150441529847,
    0.9860182079377526,
    1.3287268651033617,
    -0.8531689996578703,
    2.257232142166242,
    1.0868831293492334,
    1.295193901462133,
    0.8823275337751533,
    -0.076672935396672,
    -1.7995676620814043,
    1.7260046887844702,
    2.2233833507066243,
    0.5095000839715376,
    2.266007056991177,
    1.2264204853981817,
    1.711922042966588,
    2.7583291081610755,
    0.7878135500324213,
    0.6733684739233138,
    -0.08331979252677645,
    -0.2708298595898219,
    -2.998462260809823,
    -1.891289900665739,
    0.615186443689286,
    1.0060161429152537,
    -1.6443072881058238,
    0.6404154606205401,
    1.4524334809342552,
    -1.4701912345652055,
    1.6186077539331953,
    0.5995671279729003,
    0.3256566097023667,
    -0.8553643184961618,
    -1.0343766578211877,
    0.42798232990074925,
    -1.093217092612515,
    -0.3756268703686221,
    1.5138626940170175,
    2.2539615073944033,
    -1.2831669047762062,
    -0.607266214809081,
    -1.9475173293570618,
    2.2121621773011206,
    -1.2181893883296249,
    -1.5801656449821206,
    2.8464587851709178,
    -0.13099025517451993,
    1.4651392191113837,
    1.9398217169023106,
    0.3275100227392652,
    -2.2222422033138596
  ],
  "opt_path": [
    -1.3179999999999445
  ],
  "params_path": [
    [
      -0.6868485379291199,
      0.31814346247704334,
      0.58531432659556,
      -0.35733720371321254,
      0.5094275751927081,
      1.2624687323582207,
      -0.6980561893107426,
      -1.3758860606756804,
      0.943215996581476,
      -2.322150441529847,
      0.9860182079377526,
      1.3287268651033617,
      -0.8531689996578703,
      2.257232142166242,
      1.0868831293492334,
      1.295193901462133,
      0.8823275337751533,
      -0.076672935396672,
      -1.7995676620814043,
      1.7260046887844702,
      2.2233833507066243,
      0.5095000839715376,
      2.266007056991177,
      1.2264204853981817,
      1.711922042966588,
      2.7583291081610755,
      0.7878135500324213,
      0.6733684739233138,
      -0.08331979252677645,
      -0.2708298595898219,
      -2.998462260809823,
      -1.891289900665739,
      0.615186443689286,
      1.0060161429152537,
      -1.6443072881058238,
      0.6404154606205401,
      1.4524334809342552,
      -1.4701912345652055,
      1.6186077539331953,
      0.5995671279729003,
      0.3256566097023667,
      -0.8553643184961618,
      -1.0343766578211877,
      0.42798232990074925,
      -1.093217092612515,
      -0.3756268703686221,
      1.5138626940170175,
      2.2539615073944033,
      -1.2831669047762062,
      -0.607266214809081,
      -1.9475173293570618,
      2.2121621773011206,
      -1.2181893883296249,
      -1.5801656449821206,
      2.8464587851709178,
      -0.13099025517451993,
      1.4651392191113837,
      1.9398217169023106,
      0.3275100227392652,
      -2.2222422033138596
    ]
  ],
  "time_taken": 1196.0608327388763,
  "n_steps": 1,
  "simulation_time": 1189.452820777893
}