{
  "best_cost": -0.4031999999999999,
  "best_params": [
    1.538930718185597,
    -1.620063946430841,
    -0.9931485543578447,
    0.835031706118099,
    0.8324357285553714,
    0.7576221735779352,
    -2.667272768053825,
    2.3989785019575933,
    -0.47784994021257665,
    2.2680684127939044,
    2.3412438405842773,
    -1.8922488553151708
  ],
  "opt_path": [
    -0.4295999999999999,
    -0.4052000000000001
  ],
  "params_path": [
    [
      2.538930718185597,
      -1.620063946430841,
      -0.9931485543578447,
      0.835031706118099,
      0.8324357285553714,
      0.7576221735779352,
      -2.667272768053825,
      2.3989785019575933,
      -0.47784994021257665,
      2.2680684127939044,
      2.3412438405842773,
      -1.8922488553151708
    ],
    [
      1.538930718185597,
      -1.620063946430841,
      -0.9931485543578447,
      0.835031706118099,
      0.8324357285553714,
      0.7576221735779352,
      -2.667272768053825,
      2.3989785019575933,
      -0.47784994021257665,
      2.2680684127939044,
      2.3412438405842773,
      -1.8922488553151708
    ]
  ],
  "time_taken": 2.8845629692077637,
  "n_steps": 2,
  "simulation_time": 2.745598554611206
}