{
  "best_cost": 0.24319999999999992,
  "best_params": [
    1.3678096046150845,
    -2.8122809571287273,
    -1.3005543407607485,
    -2.893396952708936,
    -1.1250395992745714,
    -0.5280538899692524,
    -2.441030042673767,
    -2.25386708971127,
    0.7674791220197181,
    0.7446912639807892,
    -2.025554138138975,
    0.8818773290622275,
    0.4172906496559774,
    -0.969093573375948,
    0.9055262526072116,
    1.170263555777141
  ],
  "opt_path": [
    0.29320000000000007,
    0.22600000000000015
  ],
  "params_path": [
    [
      2.3678096046150845,
      -2.8122809571287273,
      -1.3005543407607485,
      -2.893396952708936,
      -1.1250395992745714,
      -0.5280538899692524,
      -2.441030042673767,
      -2.25386708971127,
      0.7674791220197181,
      0.7446912639807892,
      -2.025554138138975,
      0.8818773290622275,
      0.4172906496559774,
      -0.969093573375948,
      0.9055262526072116,
      1.170263555777141
    ],
    [
      1.3678096046150845,
      -2.8122809571287273,
      -1.3005543407607485,
      -2.893396952708936,
      -1.1250395992745714,
      -0.5280538899692524,
      -2.441030042673767,
      -2.25386708971127,
      0.7674791220197181,
      0.7446912639807892,
      -2.025554138138975,
      0.8818773290622275,
      0.4172906496559774,
      -0.969093573375948,
      0.9055262526072116,
      1.170263555777141
    ]
  ],
  "time_taken": 3.8209338188171387,
  "n_steps": 2,
  "simulation_time": 3.158604145050049
}