{
  "best_cost": 0.2651999999999975,
  "best_params": [
    -2.8884092543310067,
    0.555008098439659,
    -1.2123150018732864,
    1.6104149707529132,
    1.3169212978347629,
    -0.07421696910204023,
    -0.8659760259628992,
    3.045156835249518,
    -0.8459551778096435,
    1.236032422060231,
    2.8599496952814905,
    0.24779143931831182,
    2.3511897215396633,
    -2.4420518922977554,
    -0.7374760443289103,
    1.5240953758878941,
    0.04636302665948433,
    -1.7473754965827526,
    -0.25115658445531563,
    1.594178897928309,
    -0.3144918123315552,
    -0.09916902320830978,
    -2.257593463642282,
    3.0689692605079832,
    -2.9691916613971276,
    1.5872959889011726,
    1.1713092622033132,
    2.2265033769199105,
    -3.082062468368858,
    2.6516919305930244,
    1.7107299981786657,
    -1.1336829747424861,
    -1.8042203773035193,
    0.9261391667667978,
    2.407073319848357,
    1.0799672874758866,
    -2.4247086662943538,
    -2.675923785404127,
    2.547647219163843,
    2.220977355135129,
    2.737387186880814,
    1.9710813150078694,
    2.0613348276438987,
    -2.09258753166971,
    0.37382935769895376,
    2.0139066442271485,
    -2.255602455699124,
    0.236543589950168,
    3.0975068256065876,
    -1.2417858782365567,
    0.5260114916040246,
    1.6374082292778338,
    -2.801514969408135,
    1.938099393737418,
    -0.03510159666961332,
    2.1324978836542225
  ],
  "opt_path": [
    0.44919999999999555,
    0.22319999999999826
  ],
  "params_path": [
    [
      -1.8884092543310067,
      0.555008098439659,
      -1.2123150018732864,
      1.6104149707529132,
      1.3169212978347629,
      -0.07421696910204023,
      -0.8659760259628992,
      3.045156835249518,
      -0.8459551778096435,
      1.236032422060231,
      2.8599496952814905,
      0.24779143931831182,
      2.3511897215396633,
      -2.4420518922977554,
      -0.7374760443289103,
      1.5240953758878941,
      0.04636302665948433,
      -1.7473754965827526,
      -0.25115658445531563,
      1.594178897928309,
      -0.3144918123315552,
      -0.09916902320830978,
      -2.257593463642282,
      3.0689692605079832,
      -2.9691916613971276,
      1.5872959889011726,
      1.1713092622033132,
      2.2265033769199105,
      -3.082062468368858,
      2.6516919305930244,
      1.7107299981786657,
      -1.1336829747424861,
      -1.8042203773035193,
      0.9261391667667978,
      2.407073319848357,
      1.0799672874758866,
      -2.4247086662943538,
      -2.675923785404127,
      2.547647219163843,
      2.220977355135129,
      2.737387186880814,
      1.9710813150078694,
      2.0613348276438987,
      -2.09258753166971,
      0.37382935769895376,
      2.0139066442271485,
      -2.255602455699124,
      0.236543589950168,
      3.0975068256065876,
      -1.2417858782365567,
      0.5260114916040246,
      1.6374082292778338,
      -2.801514969408135,
      1.938099393737418,
      -0.03510159666961332,
      2.1324978836542225
    ],
    [
      -2.8884092543310067,
      0.555008098439659,
      -1.2123150018732864,
      1.6104149707529132,
      1.3169212978347629,
      -0.07421696910204023,
      -0.8659760259628992,
      3.045156835249518,
      -0.8459551778096435,
      1.236032422060231,
      2.8599496952814905,
      0.24779143931831182,
      2.3511897215396633,
      -2.4420518922977554,
      -0.7374760443289103,
      1.5240953758878941,
      0.04636302665948433,
      -1.7473754965827526,
      -0.25115658445531563,
      1.594178897928309,
      -0.3144918123315552,
      -0.09916902320830978,
      -2.257593463642282,
      3.0689692605079832,
      -2.9691916613971276,
      1.5872959889011726,
      1.1713092622033132,
      2.2265033769199105,
      -3.082062468368858,
      2.6516919305930244,
      1.7107299981786657,
      -1.1336829747424861,
      -1.8042203773035193,
      0.9261391667667978,
      2.407073319848357,
      1.0799672874758866,
      -2.4247086662943538,
      -2.675923785404127,
      2.547647219163843,
      2.220977355135129,
      2.737387186880814,
      1.9710813150078694,
      2.0613348276438987,
      -2.09258753166971,
      0.37382935769895376,
      2.0139066442271485,
      -2.255602455699124,
      0.236543589950168,
      3.0975068256065876,
      -1.2417858782365567,
      0.5260114916040246,
      1.6374082292778338,
      -2.801514969408135,
      1.938099393737418,
      -0.03510159666961332,
      2.1324978836542225
    ]
  ],
  "time_taken": 283.0682752132416,
  "n_steps": 2,
  "simulation_time": 189.85341215133667
}