{
  "best_cost": -0.6079999999999999,
  "best_params": [
    0.058718071807144945,
    -2.8881546201877226,
    2.1817341535725223,
    -0.5327926783376968,
    1.6264196401874234,
    0.5006852264173509,
    2.9947149186523756,
    -1.6952890636202906
  ],
  "opt_path": [
    -0.6564000000000004,
    -0.6327999999999998
  ],
  "params_path": [
    [
      1.058718071807145,
      -2.8881546201877226,
      2.1817341535725223,
      -0.5327926783376968,
      1.6264196401874234,
      0.5006852264173509,
      2.9947149186523756,
      -1.6952890636202906
    ],
    [
      0.058718071807144945,
      -2.8881546201877226,
      2.1817341535725223,
      -0.5327926783376968,
      1.6264196401874234,
      0.5006852264173509,
      2.9947149186523756,
      -1.6952890636202906
    ]
  ],
  "time_taken": 1.8194396495819092,
  "n_steps": 2,
  "simulation_time": 1.7761280536651611
}