{
  "best_cost": -0.2647999999999977,
  "best_params": [
    1.6196564719257172,
    2.98496933940386,
    -3.1155047456333365,
    0.7636879155207095,
    -0.7952722649739861,
    2.8875748551766147,
    1.0266161603823045,
    0.6363471251031365,
    1.711982209186111,
    0.11440658297836404,
    -2.000579961304023,
    1.0099135479818946,
    1.1208173681901235,
    -2.6140367544781746,
    0.6241994452399382,
    1.2104361007834799,
    -2.6263557760800715,
    3.064976168500867,
    -2.6001042638927947,
    2.9943177109608454,
    -2.3982668941906824,
    0.6601488916175469,
    -0.8173526557293362,
    -1.4372484698513772,
    -0.692497760889867,
    -0.5311816913208993,
    -1.0390639847060683,
    -1.593976790783761
  ],
  "opt_path": [
    -0.2887999999999928,
    -0.22959999999999764
  ],
  "params_path": [
    [
      2.619656471925717,
      2.98496933940386,
      -3.1155047456333365,
      0.7636879155207095,
      -0.7952722649739861,
      2.8875748551766147,
      1.0266161603823045,
      0.6363471251031365,
      1.711982209186111,
      0.11440658297836404,
      -2.000579961304023,
      1.0099135479818946,
      1.1208173681901235,
      -2.6140367544781746,
      0.6241994452399382,
      1.2104361007834799,
      -2.6263557760800715,
      3.064976168500867,
      -2.6001042638927947,
      2.9943177109608454,
      -2.3982668941906824,
      0.6601488916175469,
      -0.8173526557293362,
      -1.4372484698513772,
      -0.692497760889867,
      -0.5311816913208993,
      -1.0390639847060683,
      -1.593976790783761
    ],
    [
      1.6196564719257172,
      2.98496933940386,
      -3.1155047456333365,
      0.7636879155207095,
      -0.7952722649739861,
      2.8875748551766147,
      1.0266161603823045,
      0.6363471251031365,
      1.711982209186111,
      0.11440658297836404,
      -2.000579961304023,
      1.0099135479818946,
      1.1208173681901235,
      -2.6140367544781746,
      0.6241994452399382,
      1.2104361007834799,
      -2.6263557760800715,
      3.064976168500867,
      -2.6001042638927947,
      2.9943177109608454,
      -2.3982668941906824,
      0.6601488916175469,
      -0.8173526557293362,
      -1.4372484698513772,
      -0.692497760889867,
      -0.5311816913208993,
      -1.0390639847060683,
      -1.593976790783761
    ]
  ],
  "time_taken": 24.289648056030273,
  "n_steps": 2,
  "simulation_time": 3.2227673530578613
}