{
  "best_cost": -0.4780000000000069,
  "best_params": [
    -1.9614333446263408,
    2.737320070035195,
    0.9279152314786758,
    -0.6109008266421929,
    0.8144257755393309,
    1.9306484520495202,
    -1.4561414828268553,
    -2.7095163099202786,
    2.6283491717617338,
    -2.1050042580283126,
    1.5475325727669684,
    -1.2159373327022585,
    0.7557635769337661,
    -0.08997543113116224,
    0.8043998256414806,
    2.3851897027530926,
    -2.409413681398205,
    -2.6520210706186713,
    -2.813600491187825,
    -2.989761460298349,
    -2.4199715366225147,
    3.018832798469248,
    -2.787328186893591,
    0.7244068846447052,
    2.279649043245242,
    -0.9553858932435806,
    -1.797136567839831,
    1.4570748176333694,
    0.8667935804119624,
    2.0496262391174485,
    1.082964659699016,
    -1.9355472832935987,
    2.162570682397824,
    -2.39231716890791,
    0.8604477906098467,
    1.6761639239239887,
    -2.0568180789491795,
    -0.042404771065802205,
    2.246031650280476,
    1.3667830389219668,
    -2.210452372889891,
    -2.4256911160286174,
    -0.2580861880025829,
    0.17929044276768646,
    -2.427766101601609,
    2.509017323043622,
    2.7887427598493737,
    0.18745496913176973
  ],
  "opt_path": [
    -0.6360000000000061,
    -0.5624000000000082
  ],
  "params_path": [
    [
      -0.9614333446263408,
      2.737320070035195,
      0.9279152314786758,
      -0.6109008266421929,
      0.8144257755393309,
      1.9306484520495202,
      -1.4561414828268553,
      -2.7095163099202786,
      2.6283491717617338,
      -2.1050042580283126,
      1.5475325727669684,
      -1.2159373327022585,
      0.7557635769337661,
      -0.08997543113116224,
      0.8043998256414806,
      2.3851897027530926,
      -2.409413681398205,
      -2.6520210706186713,
      -2.813600491187825,
      -2.989761460298349,
      -2.4199715366225147,
      3.018832798469248,
      -2.787328186893591,
      0.7244068846447052,
      2.279649043245242,
      -0.9553858932435806,
      -1.797136567839831,
      1.4570748176333694,
      0.8667935804119624,
      2.0496262391174485,
      1.082964659699016,
      -1.9355472832935987,
      2.162570682397824,
      -2.39231716890791,
      0.8604477906098467,
      1.6761639239239887,
      -2.0568180789491795,
      -0.042404771065802205,
      2.246031650280476,
      1.3667830389219668,
      -2.210452372889891,
      -2.4256911160286174,
      -0.2580861880025829,
      0.17929044276768646,
      -2.427766101601609,
      2.509017323043622,
      2.7887427598493737,
      0.18745496913176973
    ],
    [
      -1.9614333446263408,
      2.737320070035195,
      0.9279152314786758,
      -0.6109008266421929,
      0.8144257755393309,
      1.9306484520495202,
      -1.4561414828268553,
      -2.7095163099202786,
      2.6283491717617338,
      -2.1050042580283126,
      1.5475325727669684,
      -1.2159373327022585,
      0.7557635769337661,
      -0.08997543113116224,
      0.8043998256414806,
      2.3851897027530926,
      -2.409413681398205,
      -2.6520210706186713,
      -2.813600491187825,
      -2.989761460298349,
      -2.4199715366225147,
      3.018832798469248,
      -2.787328186893591,
      0.7244068846447052,
      2.279649043245242,
      -0.9553858932435806,
      -1.797136567839831,
      1.4570748176333694,
      0.8667935804119624,
      2.0496262391174485,
      1.082964659699016,
      -1.9355472832935987,
      2.162570682397824,
      -2.39231716890791,
      0.8604477906098467,
      1.6761639239239887,
      -2.0568180789491795,
      -0.042404771065802205,
      2.246031650280476,
      1.3667830389219668,
      -2.210452372889891,
      -2.4256911160286174,
      -0.2580861880025829,
      0.17929044276768646,
      -2.427766101601609,
      2.509017323043622,
      2.7887427598493737,
      0.18745496913176973
    ]
  ],
  "time_taken": 104.96091508865356,
  "n_steps": 2,
  "simulation_time": 29.447519779205322
}