{
  "best_cost": -0.05839999999999568,
  "best_params": [
    2.5869390479528667,
    0.768930950400502,
    1.2689321686442838,
    -2.2824825958906168,
    -1.5173233892965976,
    1.8424582000894123,
    2.0421075796590475,
    0.7568523475463631,
    0.6220607223103096,
    -0.631864849968581,
    -3.106231090536233,
    1.1772642638656956,
    -2.7038700658629815,
    2.4534378841858,
    0.5921899085565814,
    3.1028381455028953,
    -0.8080087647962215,
    1.6907151345968465,
    1.7149019138394666,
    -2.3050073800500557,
    -2.0315637137110016,
    2.2777522864677735,
    -2.407644709986964,
    1.589444882225914,
    -0.6673903488907036,
    -0.9961942586646457,
    -0.9761360572168409,
    -1.4130282141861044,
    2.6476708697570492,
    1.948766777933912,
    -2.375325640970029,
    -2.497377064633398,
    -0.17902409181120538,
    2.6474074069544367,
    1.319982417569011,
    1.253619935271045
  ],
  "opt_path": [
    -0.03239999999999795,
    -0.012799999999989427
  ],
  "params_path": [
    [
      3.5869390479528667,
      0.768930950400502,
      1.2689321686442838,
      -2.2824825958906168,
      -1.5173233892965976,
      1.8424582000894123,
      2.0421075796590475,
      0.7568523475463631,
      0.6220607223103096,
      -0.631864849968581,
      -3.106231090536233,
      1.1772642638656956,
      -2.7038700658629815,
      2.4534378841858,
      0.5921899085565814,
      3.1028381455028953,
      -0.8080087647962215,
      1.6907151345968465,
      1.7149019138394666,
      -2.3050073800500557,
      -2.0315637137110016,
      2.2777522864677735,
      -2.407644709986964,
      1.589444882225914,
      -0.6673903488907036,
      -0.9961942586646457,
      -0.9761360572168409,
      -1.4130282141861044,
      2.6476708697570492,
      1.948766777933912,
      -2.375325640970029,
      -2.497377064633398,
      -0.17902409181120538,
      2.6474074069544367,
      1.319982417569011,
      1.253619935271045
    ],
    [
      2.5869390479528667,
      0.768930950400502,
      1.2689321686442838,
      -2.2824825958906168,
      -1.5173233892965976,
      1.8424582000894123,
      2.0421075796590475,
      0.7568523475463631,
      0.6220607223103096,
      -0.631864849968581,
      -3.106231090536233,
      1.1772642638656956,
      -2.7038700658629815,
      2.4534378841858,
      0.5921899085565814,
      3.1028381455028953,
      -0.8080087647962215,
      1.6907151345968465,
      1.7149019138394666,
      -2.3050073800500557,
      -2.0315637137110016,
      2.2777522864677735,
      -2.407644709986964,
      1.589444882225914,
      -0.6673903488907036,
      -0.9961942586646457,
      -0.9761360572168409,
      -1.4130282141861044,
      2.6476708697570492,
      1.948766777933912,
      -2.375325640970029,
      -2.497377064633398,
      -0.17902409181120538,
      2.6474074069544367,
      1.319982417569011,
      1.253619935271045
    ]
  ],
  "time_taken": 50.65099263191223,
  "n_steps": 2,
  "simulation_time": 5.0021748542785645
}