{
  "best_cost": -0.10479999999999727,
  "best_params": [
    0.8291736944544708,
    -0.40468201092685163,
    0.42087588257748454,
    2.0551875372846142,
    -1.5854501836010768,
    0.3363449785511974,
    1.161805620579158,
    2.0439180488950637,
    -2.811046315106255,
    1.8840363849472617,
    -0.018494526471520167,
    -2.988283869476155,
    1.4963475982097592,
    1.3156593651400845,
    -0.6769383597151126,
    -0.9710901360228728,
    -2.064271465405618,
    -2.244536025417106,
    2.82600556930503,
    2.5756556587252817,
    -3.10704616131594,
    2.9721582332801173,
    -1.192313542162613,
    -2.8341466278629217,
    -2.6364071958713557,
    -2.1830661804119957,
    -2.7031170527132113,
    -1.5646117186792188,
    -0.5705928845347032,
    2.760268586657755,
    -1.8768131435012188,
    -0.4432771510379565,
    0.38859530171671564,
    -3.120187281060436,
    2.979420614021403,
    -2.182493613176539,
    0.7308212726600991,
    -2.7151421848741424,
    -1.9897686251320716,
    -2.938039188271873,
    0.46098924793928386,
    -2.336399142918395,
    0.6594388062588519,
    0.16845311565184806,
    0.9477156524217385,
    0.3325990028989576,
    2.660395685855404,
    -2.4302776259634573,
    0.7681067132356367,
    -2.264039947925445,
    -0.427821175229012,
    0.3425505438113774
  ],
  "opt_path": [
    -0.025599999999995786,
    -0.08599999999998652
  ],
  "params_path": [
    [
      1.8291736944544708,
      -0.40468201092685163,
      0.42087588257748454,
      2.0551875372846142,
      -1.5854501836010768,
      0.3363449785511974,
      1.161805620579158,
      2.0439180488950637,
      -2.811046315106255,
      1.8840363849472617,
      -0.018494526471520167,
      -2.988283869476155,
      1.4963475982097592,
      1.3156593651400845,
      -0.6769383597151126,
      -0.9710901360228728,
      -2.064271465405618,
      -2.244536025417106,
      2.82600556930503,
      2.5756556587252817,
      -3.10704616131594,
      2.9721582332801173,
      -1.192313542162613,
      -2.8341466278629217,
      -2.6364071958713557,
      -2.1830661804119957,
      -2.7031170527132113,
      -1.5646117186792188,
      -0.5705928845347032,
      2.760268586657755,
      -1.8768131435012188,
      -0.4432771510379565,
      0.38859530171671564,
      -3.120187281060436,
      2.979420614021403,
      -2.182493613176539,
      0.7308212726600991,
      -2.7151421848741424,
      -1.9897686251320716,
      -2.938039188271873,
      0.46098924793928386,
      -2.336399142918395,
      0.6594388062588519,
      0.16845311565184806,
      0.9477156524217385,
      0.3325990028989576,
      2.660395685855404,
      -2.4302776259634573,
      0.7681067132356367,
      -2.264039947925445,
      -0.427821175229012,
      0.3425505438113774
    ],
    [
      0.8291736944544708,
      -0.40468201092685163,
      0.42087588257748454,
      2.0551875372846142,
      -1.5854501836010768,
      0.3363449785511974,
      1.161805620579158,
      2.0439180488950637,
      -2.811046315106255,
      1.8840363849472617,
      -0.018494526471520167,
      -2.988283869476155,
      1.4963475982097592,
      1.3156593651400845,
      -0.6769383597151126,
      -0.9710901360228728,
      -2.064271465405618,
      -2.244536025417106,
      2.82600556930503,
      2.5756556587252817,
      -3.10704616131594,
      2.9721582332801173,
      -1.192313542162613,
      -2.8341466278629217,
      -2.6364071958713557,
      -2.1830661804119957,
      -2.7031170527132113,
      -1.5646117186792188,
      -0.5705928845347032,
      2.760268586657755,
      -1.8768131435012188,
      -0.4432771510379565,
      0.38859530171671564,
      -3.120187281060436,
      2.979420614021403,
      -2.182493613176539,
      0.7308212726600991,
      -2.7151421848741424,
      -1.9897686251320716,
      -2.938039188271873,
      0.46098924793928386,
      -2.336399142918395,
      0.6594388062588519,
      0.16845311565184806,
      0.9477156524217385,
      0.3325990028989576,
      2.660395685855404,
      -2.4302776259634573,
      0.7681067132356367,
      -2.264039947925445,
      -0.427821175229012,
      0.3425505438113774
    ]
  ],
  "time_taken": 147.09461379051208,
  "n_steps": 2,
  "simulation_time": 62.993457078933716
}