{
  "best_cost": -0.09800000000000039,
  "best_params": [
    2.3165425335992014,
    -2.3038341476139923,
    1.6430528309922252,
    -2.132820556544611,
    1.0981472451245518,
    2.6906239456627503,
    2.5779646555566,
    -1.0122781589571788,
    -1.4521613807988627,
    0.2507710177401403,
    -3.1018484544777047,
    1.4337997211345286,
    -0.5093255891345239,
    -0.790936708160153,
    1.0132191619524473,
    3.1177311254285636,
    1.43857647390411,
    -0.11288522149859137,
    -0.0587601404195488,
    -2.1836777368145204,
    -2.0501634984472936,
    -2.273443727192591,
    0.9782311598489732,
    1.1419264164131322
  ],
  "opt_path": [
    -0.15400000000000036,
    -0.10840000000000001
  ],
  "params_path": [
    [
      3.3165425335992014,
      -2.3038341476139923,
      1.6430528309922252,
      -2.132820556544611,
      1.0981472451245518,
      2.6906239456627503,
      2.5779646555566,
      -1.0122781589571788,
      -1.4521613807988627,
      0.2507710177401403,
      -3.1018484544777047,
      1.4337997211345286,
      -0.5093255891345239,
      -0.790936708160153,
      1.0132191619524473,
      3.1177311254285636,
      1.43857647390411,
      -0.11288522149859137,
      -0.0587601404195488,
      -2.1836777368145204,
      -2.0501634984472936,
      -2.273443727192591,
      0.9782311598489732,
      1.1419264164131322
    ],
    [
      2.3165425335992014,
      -2.3038341476139923,
      1.6430528309922252,
      -2.132820556544611,
      1.0981472451245518,
      2.6906239456627503,
      2.5779646555566,
      -1.0122781589571788,
      -1.4521613807988627,
      0.2507710177401403,
      -3.1018484544777047,
      1.4337997211345286,
      -0.5093255891345239,
      -0.790936708160153,
      1.0132191619524473,
      3.1177311254285636,
      1.43857647390411,
      -0.11288522149859137,
      -0.0587601404195488,
      -2.1836777368145204,
      -2.0501634984472936,
      -2.273443727192591,
      0.9782311598489732,
      1.1419264164131322
    ]
  ],
  "time_taken": 10.648562908172607,
  "n_steps": 2,
  "simulation_time": 2.4402823448181152
}