{
  "best_cost": -0.2799999999999807,
  "best_params": [
    -2.8242331821939293,
    -0.7820740772424659,
    0.2459903233925047,
    -0.6322420407992557,
    3.028447992571577,
    -0.18410888978726048,
    -0.18670543648266458,
    2.215162314578822,
    2.5906460048774953,
    2.081889487886272,
    0.46483769862144975,
    -0.9134089804999381,
    0.9171708740724744,
    -2.3506738146914152,
    -1.3190221051914761,
    1.1710703183953326,
    -0.5141871566257676,
    -2.6730002894841203,
    0.2733915423216784,
    1.1102043586092503,
    -0.11211904473487433,
    -3.1241484594952342,
    0.9637834006346759,
    1.5246420897075934,
    2.2029444215392484,
    0.4963110964536148,
    2.0683372948639915,
    -3.0959486715297864,
    2.7594694078505473,
    0.028865099357325175,
    -1.101536268465158,
    0.016297643825358588,
    1.6180459721133724,
    0.11266916352565337,
    -1.2091027594087802,
    -0.7210033635721529,
    -1.4104533240141066,
    -0.25107203573977754,
    -1.593582147438357,
    -0.1037705016288819,
    -2.7304444664960092,
    -1.9508666141426274,
    -2.84016383161083,
    0.06876550516700375,
    1.1788557395044776,
    -0.4074125385815459,
    0.7382802585270136,
    -3.084030767340624,
    -2.457275712789271,
    -2.310305185398334,
    -0.8391040517615682,
    -1.3221506631608162,
    -2.1940665725134445,
    2.103629346570596,
    -1.457782296203045,
    -2.2911476133222077,
    -0.8195343072439805,
    3.0346437217956526,
    -0.694927888221613,
    -2.5455466879265645
  ],
  "opt_path": [
    -0.40279999999998345,
    -0.3279999999999875
  ],
  "params_path": [
    [
      -1.8242331821939293,
      -0.7820740772424659,
      0.2459903233925047,
      -0.6322420407992557,
      3.028447992571577,
      -0.18410888978726048,
      -0.18670543648266458,
      2.215162314578822,
      2.5906460048774953,
      2.081889487886272,
      0.46483769862144975,
      -0.9134089804999381,
      0.9171708740724744,
      -2.3506738146914152,
      -1.3190221051914761,
      1.1710703183953326,
      -0.5141871566257676,
      -2.6730002894841203,
      0.2733915423216784,
      1.1102043586092503,
      -0.11211904473487433,
      -3.1241484594952342,
      0.9637834006346759,
      1.5246420897075934,
      2.2029444215392484,
      0.4963110964536148,
      2.0683372948639915,
      -3.0959486715297864,
      2.7594694078505473,
      0.028865099357325175,
      -1.101536268465158,
      0.016297643825358588,
      1.6180459721133724,
      0.11266916352565337,
      -1.2091027594087802,
      -0.7210033635721529,
      -1.4104533240141066,
      -0.25107203573977754,
      -1.593582147438357,
      -0.1037705016288819,
      -2.7304444664960092,
      -1.9508666141426274,
      -2.84016383161083,
      0.06876550516700375,
      1.1788557395044776,
      -0.4074125385815459,
      0.7382802585270136,
      -3.084030767340624,
      -2.457275712789271,
      -2.310305185398334,
      -0.8391040517615682,
      -1.3221506631608162,
      -2.1940665725134445,
      2.103629346570596,
      -1.457782296203045,
      -2.2911476133222077,
      -0.8195343072439805,
      3.0346437217956526,
      -0.694927888221613,
      -2.5455466879265645
    ],
    [
      -2.8242331821939293,
      -0.7820740772424659,
      0.2459903233925047,
      -0.6322420407992557,
      3.028447992571577,
      -0.18410888978726048,
      -0.18670543648266458,
      2.215162314578822,
      2.5906460048774953,
      2.081889487886272,
      0.46483769862144975,
      -0.9134089804999381,
      0.9171708740724744,
      -2.3506738146914152,
      -1.3190221051914761,
      1.1710703183953326,
      -0.5141871566257676,
      -2.6730002894841203,
      0.2733915423216784,
      1.1102043586092503,
      -0.11211904473487433,
      -3.1241484594952342,
      0.9637834006346759,
      1.5246420897075934,
      2.2029444215392484,
      0.4963110964536148,
      2.0683372948639915,
      -3.0959486715297864,
      2.7594694078505473,
      0.028865099357325175,
      -1.101536268465158,
      0.016297643825358588,
      1.6180459721133724,
      0.11266916352565337,
      -1.2091027594087802,
      -0.7210033635721529,
      -1.4104533240141066,
      -0.25107203573977754,
      -1.593582147438357,
      -0.1037705016288819,
      -2.7304444664960092,
      -1.9508666141426274,
      -2.84016383161083,
      0.06876550516700375,
      1.1788557395044776,
      -0.4074125385815459,
      0.7382802585270136,
      -3.084030767340624,
      -2.457275712789271,
      -2.310305185398334,
      -0.8391040517615682,
      -1.3221506631608162,
      -2.1940665725134445,
      2.103629346570596,
      -1.457782296203045,
      -2.2911476133222077,
      -0.8195343072439805,
      3.0346437217956526,
      -0.694927888221613,
      -2.5455466879265645
    ]
  ],
  "time_taken": 215.05754804611206,
  "n_steps": 2,
  "simulation_time": 112.58907890319824
}