{
  "best_cost": 0.30840000000000367,
  "best_params": [
    -0.8458206664495451,
    1.6798790261871197,
    0.9768992330207249,
    -1.9644696949982656,
    -0.16584923987433564,
    0.949218965093233,
    1.2845167467775376,
    -2.427941253222624,
    -0.2507509972194426,
    -1.2511684605126707,
    0.8269388077248552,
    -0.6010791533324693,
    1.6329939576971002,
    -2.5059471209944624,
    0.9352316844841537,
    -1.1496999080200876,
    1.3133508404165752,
    -2.931070319162065,
    -0.6332438007778984,
    1.763888988819116,
    -1.4175102208941357,
    1.8254360273808317,
    1.068188480324702,
    2.453301253047485,
    2.783208770682072,
    -1.2389060271602776,
    -0.6759168098567887,
    1.5385432316169725,
    -1.8389874508765376,
    1.8463338181550073,
    -1.1319708071640262,
    -3.0044430400258637,
    3.1319844011806026,
    1.8456414720725922,
    -0.7694459866392487,
    2.296469985887102,
    1.462759745811982,
    0.34228334025307383,
    -1.088447565903265,
    0.5651847408465138,
    -1.5103231530999264,
    -2.5689005698970524,
    -0.688497425046573,
    1.9364922063417271,
    -0.9215433282054493,
    -2.8006557636178666,
    -1.0364140800596902,
    2.4973604217265333,
    -0.8248243108943258,
    -0.7165390481183072,
    -1.5764065089641435,
    1.0904994884570813,
    -1.5302119327161525,
    2.492353657822422,
    -1.9506447641219828,
    -2.5747721316168586,
    -2.150079484570311,
    -0.227023680033402,
    -1.7718647437235535,
    -1.10574306220153,
    1.121550316400299,
    -2.9235291151701706,
    1.2856378284789516,
    2.67450401225466
  ],
  "opt_path": [
    0.31280000000000346,
    0.3884000000000036
  ],
  "params_path": [
    [
      0.15417933355045488,
      1.6798790261871197,
      0.9768992330207249,
      -1.9644696949982656,
      -0.16584923987433564,
      0.949218965093233,
      1.2845167467775376,
      -2.427941253222624,
      -0.2507509972194426,
      -1.2511684605126707,
      0.8269388077248552,
      -0.6010791533324693,
      1.6329939576971002,
      -2.5059471209944624,
      0.9352316844841537,
      -1.1496999080200876,
      1.3133508404165752,
      -2.931070319162065,
      -0.6332438007778984,
      1.763888988819116,
      -1.4175102208941357,
      1.8254360273808317,
      1.068188480324702,
      2.453301253047485,
      2.783208770682072,
      -1.2389060271602776,
      -0.6759168098567887,
      1.5385432316169725,
      -1.8389874508765376,
      1.8463338181550073,
      -1.1319708071640262,
      -3.0044430400258637,
      3.1319844011806026,
      1.8456414720725922,
      -0.7694459866392487,
      2.296469985887102,
      1.462759745811982,
      0.34228334025307383,
      -1.088447565903265,
      0.5651847408465138,
      -1.5103231530999264,
      -2.5689005698970524,
      -0.688497425046573,
      1.9364922063417271,
      -0.9215433282054493,
      -2.8006557636178666,
      -1.0364140800596902,
      2.4973604217265333,
      -0.8248243108943258,
      -0.7165390481183072,
      -1.5764065089641435,
      1.0904994884570813,
      -1.5302119327161525,
      2.492353657822422,
      -1.9506447641219828,
      -2.5747721316168586,
      -2.150079484570311,
      -0.227023680033402,
      -1.7718647437235535,
      -1.10574306220153,
      1.121550316400299,
      -2.9235291151701706,
      1.2856378284789516,
      2.67450401225466
    ],
    [
      -0.8458206664495451,
      1.6798790261871197,
      0.9768992330207249,
      -1.9644696949982656,
      -0.16584923987433564,
      0.949218965093233,
      1.2845167467775376,
      -2.427941253222624,
      -0.2507509972194426,
      -1.2511684605126707,
      0.8269388077248552,
      -0.6010791533324693,
      1.6329939576971002,
      -2.5059471209944624,
      0.9352316844841537,
      -1.1496999080200876,
      1.3133508404165752,
      -2.931070319162065,
      -0.6332438007778984,
      1.763888988819116,
      -1.4175102208941357,
      1.8254360273808317,
      1.068188480324702,
      2.453301253047485,
      2.783208770682072,
      -1.2389060271602776,
      -0.6759168098567887,
      1.5385432316169725,
      -1.8389874508765376,
      1.8463338181550073,
      -1.1319708071640262,
      -3.0044430400258637,
      3.1319844011806026,
      1.8456414720725922,
      -0.7694459866392487,
      2.296469985887102,
      1.462759745811982,
      0.34228334025307383,
      -1.088447565903265,
      0.5651847408465138,
      -1.5103231530999264,
      -2.5689005698970524,
      -0.688497425046573,
      1.9364922063417271,
      -0.9215433282054493,
      -2.8006557636178666,
      -1.0364140800596902,
      2.4973604217265333,
      -0.8248243108943258,
      -0.7165390481183072,
      -1.5764065089641435,
      1.0904994884570813,
      -1.5302119327161525,
      2.492353657822422,
      -1.9506447641219828,
      -2.5747721316168586,
      -2.150079484570311,
      -0.227023680033402,
      -1.7718647437235535,
      -1.10574306220153,
      1.121550316400299,
      -2.9235291151701706,
      1.2856378284789516,
      2.67450401225466
    ]
  ],
  "time_taken": 371.805960893631,
  "n_steps": 2,
  "simulation_time": 256.1225106716156
}