{
  "best_cost": -0.10920000000000385,
  "best_params": [
    -2.445254444146811,
    -0.38338627086141397,
    -1.2171414153660576,
    -1.9389554197990269,
    -0.6850508594350493,
    1.098344090786889,
    1.7911582879948025,
    -1.0785042962563534,
    1.210358784978399,
    -1.7362204205756289,
    2.731780208628633,
    0.6706755216816029,
    2.166706672845593,
    -1.8731295087853956,
    1.3121459022600996,
    -1.4851708093357614,
    -1.2516551197456567,
    -3.0400596842720886,
    -0.9256523467448403,
    2.4051095626800683,
    -1.421118029781229,
    -0.1879366542387415,
    -1.6867993137829995,
    -0.6687096759405606,
    -0.2982452807514582,
    -2.170699580470343,
    2.586529800232195,
    2.8074156182875782,
    2.133187548730384,
    -0.2716094627465555,
    -2.7269096081495903,
    2.0094314856263216,
    -2.6668195382608664,
    -2.357567233445051,
    -0.13720308859269936,
    1.675921777599088,
    2.067898760583561,
    -0.8201719036659312,
    -2.008999079778719,
    -2.03705356120639,
    -1.994079658784309,
    2.2394807065512348,
    2.4615630612797625,
    0.04994371403319198
  ],
  "opt_path": [
    -0.10520000000000276,
    0.08679999999999936
  ],
  "params_path": [
    [
      -1.4452544441468111,
      -0.38338627086141397,
      -1.2171414153660576,
      -1.9389554197990269,
      -0.6850508594350493,
      1.098344090786889,
      1.7911582879948025,
      -1.0785042962563534,
      1.210358784978399,
      -1.7362204205756289,
      2.731780208628633,
      0.6706755216816029,
      2.166706672845593,
      -1.8731295087853956,
      1.3121459022600996,
      -1.4851708093357614,
      -1.2516551197456567,
      -3.0400596842720886,
      -0.9256523467448403,
      2.4051095626800683,
      -1.421118029781229,
      -0.1879366542387415,
      -1.6867993137829995,
      -0.6687096759405606,
      -0.2982452807514582,
      -2.170699580470343,
      2.586529800232195,
      2.8074156182875782,
      2.133187548730384,
      -0.2716094627465555,
      -2.7269096081495903,
      2.0094314856263216,
      -2.6668195382608664,
      -2.357567233445051,
      -0.13720308859269936,
      1.675921777599088,
      2.067898760583561,
      -0.8201719036659312,
      -2.008999079778719,
      -2.03705356120639,
      -1.994079658784309,
      2.2394807065512348,
      2.4615630612797625,
      0.04994371403319198
    ],
    [
      -2.445254444146811,
      -0.38338627086141397,
      -1.2171414153660576,
      -1.9389554197990269,
      -0.6850508594350493,
      1.098344090786889,
      1.7911582879948025,
      -1.0785042962563534,
      1.210358784978399,
      -1.7362204205756289,
      2.731780208628633,
      0.6706755216816029,
      2.166706672845593,
      -1.8731295087853956,
      1.3121459022600996,
      -1.4851708093357614,
      -1.2516551197456567,
      -3.0400596842720886,
      -0.9256523467448403,
      2.4051095626800683,
      -1.421118029781229,
      -0.1879366542387415,
      -1.6867993137829995,
      -0.6687096759405606,
      -0.2982452807514582,
      -2.170699580470343,
      2.586529800232195,
      2.8074156182875782,
      2.133187548730384,
      -0.2716094627465555,
      -2.7269096081495903,
      2.0094314856263216,
      -2.6668195382608664,
      -2.357567233445051,
      -0.13720308859269936,
      1.675921777599088,
      2.067898760583561,
      -0.8201719036659312,
      -2.008999079778719,
      -2.03705356120639,
      -1.994079658784309,
      2.2394807065512348,
      2.4615630612797625,
      0.04994371403319198
    ]
  ],
  "time_taken": 80.3906238079071,
  "n_steps": 2,
  "simulation_time": 14.775086641311646
}