{
  "best_cost": 1.3891999999999993,
  "best_params": [
    0.0,
    0.0,
    0.0,
    0.0,
    0.0,
    0.0,
    0.0,
    0.0
  ],
  "opt_path": [
    1.2964,
    1.396
  ],
  "params_path": [
    [
      1.0,
      0.0,
      0.0,
      0.0,
      0.0,
      0.0,
      0.0,
      0.0
    ],
    [
      0.0,
      0.0,
      0.0,
      0.0,
      0.0,
      0.0,
      0.0,
      0.0
    ]
  ],
  "time_taken": 4.637340307235718,
  "n_steps": 2,
  "simulation_time": 4.583263874053955
}