{
  "best_cost": -0.17920000000000003,
  "best_params": [
    -1.8517743892084686,
    -2.6660727683595224,
    2.9336079748745867,
    -2.3529382366722746,
    -1.149329982286021,
    -1.9078878852582402,
    1.5203956947631045,
    0.7937506756452657,
    2.2368023758486943,
    -0.6284191214025379,
    2.0306090213693775,
    2.6132010656353444,
    -0.17819743035667246,
    0.031834528369882875,
    -1.9665375194702635,
    0.5134780423492082,
    1.1824202269708302,
    -2.3029160951976735,
    1.124724266493602,
    -0.6224040380397229
  ],
  "opt_path": [
    -0.15839999999999965,
    -0.17919999999999994
  ],
  "params_path": [
    [
      -0.8517743892084686,
      -2.6660727683595224,
      2.9336079748745867,
      -2.3529382366722746,
      -1.149329982286021,
      -1.9078878852582402,
      1.5203956947631045,
      0.7937506756452657,
      2.2368023758486943,
      -0.6284191214025379,
      2.0306090213693775,
      2.6132010656353444,
      -0.17819743035667246,
      0.031834528369882875,
      -1.9665375194702635,
      0.5134780423492082,
      1.1824202269708302,
      -2.3029160951976735,
      1.124724266493602,
      -0.6224040380397229
    ],
    [
      -1.8517743892084686,
      -2.6660727683595224,
      2.9336079748745867,
      -2.3529382366722746,
      -1.149329982286021,
      -1.9078878852582402,
      1.5203956947631045,
      0.7937506756452657,
      2.2368023758486943,
      -0.6284191214025379,
      2.0306090213693775,
      2.6132010656353444,
      -0.17819743035667246,
      0.031834528369882875,
      -1.9665375194702635,
      0.5134780423492082,
      1.1824202269708302,
      -2.3029160951976735,
      1.124724266493602,
      -0.6224040380397229
    ]
  ],
  "time_taken": 6.4662792682647705,
  "n_steps": 2,
  "simulation_time": 3.7271409034729004
}