{
  "best_cost": -0.2695999999999994,
  "best_params": [
    0.6632889625976954,
    0.3447897802750779,
    -1.6703318420656874,
    -0.9917093842400453,
    -2.050289742156957,
    0.6414107253148278,
    -2.64552233595625,
    -2.723836196284639,
    -2.2018632043266066,
    -1.6749463600551087,
    -3.1218330033718176,
    -0.4024518268682731,
    -1.2187001344822224,
    -3.051154464834623,
    -1.8458491301460171,
    0.31388095807653427,
    0.4664733531633263,
    1.1561408293488507,
    3.039417695188959,
    -1.6207837594750136,
    -2.228930398036034,
    1.721892429853698,
    -1.6057359660053216,
    2.351253974034183,
    2.8528077072817446,
    -2.985188608341367,
    -0.16244320210447416,
    1.4227663636338228,
    1.5432084458428328,
    -2.54561314756466,
    2.2171634237804136,
    2.0259778430139193,
    0.5580701632376117,
    -2.606662591446477,
    -2.4890626004221827,
    -2.72856240515735,
    1.609289459859248,
    1.6943025086541423,
    -2.586906850292201,
    -2.6260933220097122
  ],
  "opt_path": [
    -0.26760000000000017,
    -0.23439999999999842
  ],
  "params_path": [
    [
      1.6632889625976954,
      0.3447897802750779,
      -1.6703318420656874,
      -0.9917093842400453,
      -2.050289742156957,
      0.6414107253148278,
      -2.64552233595625,
      -2.723836196284639,
      -2.2018632043266066,
      -1.6749463600551087,
      -3.1218330033718176,
      -0.4024518268682731,
      -1.2187001344822224,
      -3.051154464834623,
      -1.8458491301460171,
      0.31388095807653427,
      0.4664733531633263,
      1.1561408293488507,
      3.039417695188959,
      -1.6207837594750136,
      -2.228930398036034,
      1.721892429853698,
      -1.6057359660053216,
      2.351253974034183,
      2.8528077072817446,
      -2.985188608341367,
      -0.16244320210447416,
      1.4227663636338228,
      1.5432084458428328,
      -2.54561314756466,
      2.2171634237804136,
      2.0259778430139193,
      0.5580701632376117,
      -2.606662591446477,
      -2.4890626004221827,
      -2.72856240515735,
      1.609289459859248,
      1.6943025086541423,
      -2.586906850292201,
      -2.6260933220097122
    ],
    [
      0.6632889625976954,
      0.3447897802750779,
      -1.6703318420656874,
      -0.9917093842400453,
      -2.050289742156957,
      0.6414107253148278,
      -2.64552233595625,
      -2.723836196284639,
      -2.2018632043266066,
      -1.6749463600551087,
      -3.1218330033718176,
      -0.4024518268682731,
      -1.2187001344822224,
      -3.051154464834623,
      -1.8458491301460171,
      0.31388095807653427,
      0.4664733531633263,
      1.1561408293488507,
      3.039417695188959,
      -1.6207837594750136,
      -2.228930398036034,
      1.721892429853698,
      -1.6057359660053216,
      2.351253974034183,
      2.8528077072817446,
      -2.985188608341367,
      -0.16244320210447416,
      1.4227663636338228,
      1.5432084458428328,
      -2.54561314756466,
      2.2171634237804136,
      2.0259778430139193,
      0.5580701632376117,
      -2.606662591446477,
      -2.4890626004221827,
      -2.72856240515735,
      1.609289459859248,
      1.6943025086541423,
      -2.586906850292201,
      -2.6260933220097122
    ]
  ],
  "time_taken": 62.96679973602295,
  "n_steps": 2,
  "simulation_time": 7.740758657455444
}