{
  "best_cost": -0.04680000000000014,
  "best_params": [
    -0.8442283214142687,
    -0.4513157236838814,
    -1.168249299844016,
    -1.1434935739779069,
    -0.6437808734224775,
    1.4909838597675051,
    -0.6994929823983909,
    -1.2869847093421785,
    -3.096187924336712,
    2.6122508885647804,
    -1.081250081252839,
    0.23863674103196608,
    2.8952126749942177,
    3.0951550096125766,
    -0.5356371722342392,
    2.1302435152965575,
    -1.2465832112552282,
    -1.3591418992792499,
    1.306024040198528,
    2.502197572399937,
    0.18090808214999043,
    -0.2709375181189637,
    1.5929012342994033,
    2.5810947293195197,
    -2.3929647979304143,
    -0.39659401403859906,
    -3.017249880350667,
    2.6171142617795278,
    -0.9388112817990457,
    1.1616723905304331,
    2.277602599008609,
    -0.856179088331078
  ],
  "opt_path": [
    0.02719999999999996,
    -0.03320000000000001
  ],
  "params_path": [
    [
      0.15577167858573127,
      -0.4513157236838814,
      -1.168249299844016,
      -1.1434935739779069,
      -0.6437808734224775,
      1.4909838597675051,
      -0.6994929823983909,
      -1.2869847093421785,
      -3.096187924336712,
      2.6122508885647804,
      -1.081250081252839,
      0.23863674103196608,
      2.8952126749942177,
      3.0951550096125766,
      -0.5356371722342392,
      2.1302435152965575,
      -1.2465832112552282,
      -1.3591418992792499,
      1.306024040198528,
      2.502197572399937,
      0.18090808214999043,
      -0.2709375181189637,
      1.5929012342994033,
      2.5810947293195197,
      -2.3929647979304143,
      -0.39659401403859906,
      -3.017249880350667,
      2.6171142617795278,
      -0.9388112817990457,
      1.1616723905304331,
      2.277602599008609,
      -0.856179088331078
    ],
    [
      -0.8442283214142687,
      -0.4513157236838814,
      -1.168249299844016,
      -1.1434935739779069,
      -0.6437808734224775,
      1.4909838597675051,
      -0.6994929823983909,
      -1.2869847093421785,
      -3.096187924336712,
      2.6122508885647804,
      -1.081250081252839,
      0.23863674103196608,
      2.8952126749942177,
      3.0951550096125766,
      -0.5356371722342392,
      2.1302435152965575,
      -1.2465832112552282,
      -1.3591418992792499,
      1.306024040198528,
      2.502197572399937,
      0.18090808214999043,
      -0.2709375181189637,
      1.5929012342994033,
      2.5810947293195197,
      -2.3929647979304143,
      -0.39659401403859906,
      -3.017249880350667,
      2.6171142617795278,
      -0.9388112817990457,
      1.1616723905304331,
      2.277602599008609,
      -0.856179088331078
    ]
  ],
  "time_taken": 38.3202919960022,
  "n_steps": 2,
  "simulation_time": 3.432483196258545
}