{
  "best_cost": -0.8943999999999996,
  "best_params": [
    -1.5166584790064253,
    2.412538564870238,
    2.3446062126058442,
    2.96536287669895,
    -2.376832014313868,
    1.745790679064343,
    2.787087206196296,
    0.24951972731586647,
    -0.022693460116581684,
    2.483729330872565,
    1.881386889757785,
    -1.0006179695020267,
    1.265514015468883,
    0.21154390261940037,
    2.9584702421261313,
    3.000178321698465,
    -2.657149423853375,
    1.9611201422301745,
    1.5764722044628514,
    1.7277750684295787,
    -1.477671008316968,
    -2.675041766620727,
    1.4511755748728803,
    -1.9607580924887384,
    -1.0734075261954965,
    -2.902249945869257,
    3.0448801166891655,
    0.43848304187921705,
    0.054047281549797044,
    3.120978138091193,
    0.7420932745726779,
    -1.2198044479900578
  ],
  "opt_path": [
    -0.9391999999999999
  ],
  "params_path": [
    [
      -1.5166584790064253,
      2.412538564870238,
      2.3446062126058442,
      2.96536287669895,
      -2.376832014313868,
      1.745790679064343,
      2.787087206196296,
      0.24951972731586647,
      -0.022693460116581684,
      2.483729330872565,
      1.881386889757785,
      -1.0006179695020267,
      1.265514015468883,
      0.21154390261940037,
      2.9584702421261313,
      3.000178321698465,
      -2.657149423853375,
      1.9611201422301745,
      1.5764722044628514,
      1.7277750684295787,
      -1.477671008316968,
      -2.675041766620727,
      1.4511755748728803,
      -1.9607580924887384,
      -1.0734075261954965,
      -2.902249945869257,
      3.0448801166891655,
      0.43848304187921705,
      0.054047281549797044,
      3.120978138091193,
      0.7420932745726779,
      -1.2198044479900578
    ]
  ],
  "time_taken": 18.565271615982056,
  "n_steps": 1,
  "simulation_time": 10.145955801010132
}