{
  "best_cost": -0.6964,
  "best_params": [
    -3.087454805801322,
    -2.4743833407138847,
    1.0879691511699274,
    -0.49680045582857574,
    2.919737418184627,
    -3.087428787996878,
    -0.5393050152517196,
    -2.0653380174345073,
    1.8895803290250306,
    -0.9828556661920335,
    2.084070286763578,
    -0.32135469305017966,
    -2.259199693436738,
    2.6955939077834223,
    -2.656291096204562,
    -0.7934429958439263,
    -2.3376654251832263,
    1.8581171044075582,
    2.983155482189625,
    0.1348548497079934,
    1.362673034654626,
    -1.720633871859271,
    -0.44135012006073054,
    -1.254782215277549
  ],
  "opt_path": [
    -0.7547999999999998
  ],
  "params_path": [
    [
      -3.087454805801322,
      -2.4743833407138847,
      1.0879691511699274,
      -0.49680045582857574,
      2.919737418184627,
      -3.087428787996878,
      -0.5393050152517196,
      -2.0653380174345073,
      1.8895803290250306,
      -0.9828556661920335,
      2.084070286763578,
      -0.32135469305017966,
      -2.259199693436738,
      2.6955939077834223,
      -2.656291096204562,
      -0.7934429958439263,
      -2.3376654251832263,
      1.8581171044075582,
      2.983155482189625,
      0.1348548497079934,
      1.362673034654626,
      -1.720633871859271,
      -0.44135012006073054,
      -1.254782215277549
    ]
  ],
  "time_taken": 9.583302021026611,
  "n_steps": 1,
  "simulation_time": 8.23423457145691
}