{
  "best_cost": -1.1320000000000023,
  "best_params": [
    -0.5740821985388554,
    -1.7260148271512237,
    0.031751617550332366,
    -2.6062612021828793,
    -2.189442188010788,
    0.3179075288449056,
    -2.5074647798067744,
    -0.8251867367528893,
    1.485373073238521,
    -0.6196673090991153,
    0.2285729297489256,
    -1.966106913944814,
    -1.6744434145228921,
    2.027035192860268,
    3.117334608726488,
    0.9139862628266228,
    -2.019529156987486,
    -0.7604637524688335,
    2.9808435087758687,
    2.6820493543794726,
    -2.1032518527524773,
    0.3551816843177911,
    -2.780720236601111,
    1.0754923028406906,
    1.7728705358851902,
    -3.0023841092869628,
    2.0859459752846368,
    -0.9168624479138793,
    -3.01943205602246,
    0.7729338929093139,
    -1.1449884169750992,
    1.8821616121473574,
    -2.477405357338863,
    0.18776721389776554,
    2.9716613943223615,
    -0.740476227658874
  ],
  "opt_path": [
    -1.1320000000000023
  ],
  "params_path": [
    [
      -0.5740821985388554,
      -1.7260148271512237,
      0.031751617550332366,
      -2.6062612021828793,
      -2.189442188010788,
      0.3179075288449056,
      -2.5074647798067744,
      -0.8251867367528893,
      1.485373073238521,
      -0.6196673090991153,
      0.2285729297489256,
      -1.966106913944814,
      -1.6744434145228921,
      2.027035192860268,
      3.117334608726488,
      0.9139862628266228,
      -2.019529156987486,
      -0.7604637524688335,
      2.9808435087758687,
      2.6820493543794726,
      -2.1032518527524773,
      0.3551816843177911,
      -2.780720236601111,
      1.0754923028406906,
      1.7728705358851902,
      -3.0023841092869628,
      2.0859459752846368,
      -0.9168624479138793,
      -3.01943205602246,
      0.7729338929093139,
      -1.1449884169750992,
      1.8821616121473574,
      -2.477405357338863,
      0.18776721389776554,
      2.9716613943223615,
      -0.740476227658874
    ]
  ],
  "time_taken": 244.26651334762573,
  "n_steps": 1,
  "simulation_time": 223.58898425102234
}