{
  "theta1": [
    [
      2,
      0.0009765625
    ],
    [
      4,
      0.0009765625
    ],
    [
      8,
      0.0009765625
    ],
    [
      16,
      0.0009765625
    ],
    [
      32,
      0.0009765625
    ],
    [
      64,
      0.0009765625
    ],
    [
      100,
      0.0009765625
    ],
    [
      128,
      0.0009765625
    ]
  ],
  "theta2": [
    [
      2,
      [
        0.3183135986328125,
        0.31829833984375
      ]
    ],
    [
      4,
      [
        0.3183135986328125,
        0.31829833984375
      ]
    ],
    [
      8,
      [
        0.3183135986328125,
        0.31829833984375
      ]
    ],
    [
      16,
      [
        0.3183135986328125,
        0.31829833984375
      ]
    ],
    [
      32,
      [
        0.3183135986328125,
        0.31829833984375
      ]
    ],
    [
      64,
      [
        0.3183135986328125,
        0.31829833984375
      ]
    ],
    [
      100,
      [
        0.3183135986328125,
        0.31829833984375
      ]
    ],
    [
      128,
      [
        0.3183135986328125,
        0.31829833984375
      ]
    ]
  ]
}