{
  "best_cost": -0.5276,
  "best_params": [
    -1.7284940481948523,
    -1.338998857591436,
    -0.1614025266000887,
    -1.1805779042849465,
    -1.9251336736238853,
    0.6058476251907589,
    -0.24202257289352877,
    -1.6463814325640478,
    -0.29587542999395516,
    -0.260560343574915,
    2.868674330163927,
    0.19830452585148003
  ],
  "opt_path": [
    -0.54
  ],
  "params_path": [
    [
      -1.7284940481948523,
      -1.338998857591436,
      -0.1614025266000887,
      -1.1805779042849465,
      -1.9251336736238853,
      0.6058476251907589,
      -0.24202257289352877,
      -1.6463814325640478,
      -0.29587542999395516,
      -0.260560343574915,
      2.868674330163927,
      0.19830452585148003
    ]
  ],
  "time_taken": 5.030586004257202,
  "n_steps": 1,
  "simulation_time": 5.025225639343262
}