{
  "best_cost": -0.5988,
  "best_params": [
    0.2933425107161776,
    2.4627753776351664,
    -1.2248854438855845,
    1.5266739762698085,
    -0.6835548003396471,
    2.251195315669394,
    -2.917238293288109,
    0.4285141314048474,
    1.6474630919382458,
    -2.6553241384558532,
    0.03384687169721264,
    2.1094727447662707
  ],
  "opt_path": [
    -0.5804
  ],
  "params_path": [
    [
      0.2933425107161776,
      2.4627753776351664,
      -1.2248854438855845,
      1.5266739762698085,
      -0.6835548003396471,
      2.251195315669394,
      -2.917238293288109,
      0.4285141314048474,
      1.6474630919382458,
      -2.6553241384558532,
      0.03384687169721264,
      2.1094727447662707
    ]
  ],
  "time_taken": 2.73870587348938,
  "n_steps": 1,
  "simulation_time": 2.7333292961120605
}