{
  "best_cost": -0.8540000000000003,
  "best_params": [
    2.960209536749662,
    0.05591344800570913,
    -2.146183193235366,
    0.09375992038057225,
    -2.029578113649131,
    0.146852120839812,
    -0.4970727718929118,
    0.6981969399951626,
    -0.1295723727052149,
    -0.40300574678257767,
    -2.1845490685003566,
    2.3653929043642212,
    0.3299848637767516,
    3.0759485558535604,
    1.2971180886008822,
    -1.320666853312558,
    2.5597414906179745,
    -1.9728095191513118,
    -1.698440151811956,
    0.85023132496116,
    0.9423716054066106,
    -2.1245616318976737,
    -0.4858898729517082,
    2.275651294099713,
    -2.794230825975795,
    1.4145085323937365,
    1.1325433140297345,
    0.9817992536188798
  ],
  "opt_path": [
    -0.8407999999999999
  ],
  "params_path": [
    [
      2.960209536749662,
      0.05591344800570913,
      -2.146183193235366,
      0.09375992038057225,
      -2.029578113649131,
      0.146852120839812,
      -0.4970727718929118,
      0.6981969399951626,
      -0.1295723727052149,
      -0.40300574678257767,
      -2.1845490685003566,
      2.3653929043642212,
      0.3299848637767516,
      3.0759485558535604,
      1.2971180886008822,
      -1.320666853312558,
      2.5597414906179745,
      -1.9728095191513118,
      -1.698440151811956,
      0.85023132496116,
      0.9423716054066106,
      -2.1245616318976737,
      -0.4858898729517082,
      2.275651294099713,
      -2.794230825975795,
      1.4145085323937365,
      1.1325433140297345,
      0.9817992536188798
    ]
  ],
  "time_taken": 1.4755454063415527,
  "n_steps": 1,
  "simulation_time": 1.4135284423828125
}