{
  "best_cost": -1.1428,
  "best_params": [
    -2.548691930642945,
    -0.7158358632510095,
    0.09604454416804258,
    3.035782747121239,
    0.169201623871945,
    -0.8698981514440886,
    -1.398667372657436,
    -2.0664590288131195
  ],
  "opt_path": [
    -1.1432
  ],
  "params_path": [
    [
      -2.548691930642945,
      -0.7158358632510095,
      0.09604454416804258,
      3.035782747121239,
      0.169201623871945,
      -0.8698981514440886,
      -1.398667372657436,
      -2.0664590288131195
    ]
  ],
  "time_taken": 2.1003975868225098,
  "n_steps": 1,
  "simulation_time": 2.096343755722046
}