{
  "best_cost": -1.1868000000000047,
  "best_params": [
    1.5294414103015344,
    -2.950831193677316,
    -0.11441540046517105,
    -0.20569288384510825,
    -1.841667023236153,
    2.771695873660602,
    2.449053407952342,
    -0.9818312457961476,
    2.419223759252902,
    0.24526826229732238,
    -1.4510324042355796,
    -0.4364237403545981,
    1.2830619333435567,
    1.0041910730868473,
    0.19808117969765193,
    1.3716542743320506,
    -2.2325184894342516,
    -2.041225274753921,
    2.324391312503374,
    1.1885700174841818,
    -1.4146835999108782,
    3.1388713773720376,
    -2.0994109864250112,
    1.8591251871867345,
    -2.9760566084443605,
    -1.6578345495439386,
    1.1023723615238528,
    2.254090884681426,
    -1.5206906066034755,
    -2.9870224227273634,
    1.1308109856253816,
    -1.814668372631158,
    1.4347690895394072,
    -2.3887907897658054,
    -0.535802553173515,
    1.9609207815097125,
    -1.3712085126924796,
    -0.8281480863055041,
    1.355474586528185,
    2.1951897602586645,
    -2.1619018959411775,
    -2.3616833689204326,
    2.1606548201007985,
    2.9738344079334005,
    2.0822308405207264,
    -2.1093033892641593,
    2.4413720730924724,
    1.6990677174007836
  ],
  "opt_path": [
    -1.1868000000000047
  ],
  "params_path": [
    [
      1.5294414103015344,
      -2.950831193677316,
      -0.11441540046517105,
      -0.20569288384510825,
      -1.841667023236153,
      2.771695873660602,
      2.449053407952342,
      -0.9818312457961476,
      2.419223759252902,
      0.24526826229732238,
      -1.4510324042355796,
      -0.4364237403545981,
      1.2830619333435567,
      1.0041910730868473,
      0.19808117969765193,
      1.3716542743320506,
      -2.2325184894342516,
      -2.041225274753921,
      2.324391312503374,
      1.1885700174841818,
      -1.4146835999108782,
      3.1388713773720376,
      -2.0994109864250112,
      1.8591251871867345,
      -2.9760566084443605,
      -1.6578345495439386,
      1.1023723615238528,
      2.254090884681426,
      -1.5206906066034755,
      -2.9870224227273634,
      1.1308109856253816,
      -1.814668372631158,
      1.4347690895394072,
      -2.3887907897658054,
      -0.535802553173515,
      1.9609207815097125,
      -1.3712085126924796,
      -0.8281480863055041,
      1.355474586528185,
      2.1951897602586645,
      -2.1619018959411775,
      -2.3616833689204326,
      2.1606548201007985,
      2.9738344079334005,
      2.0822308405207264,
      -2.1093033892641593,
      2.4413720730924724,
      1.6990677174007836
    ]
  ],
  "time_taken": 5917.09112739563,
  "n_steps": 1,
  "simulation_time": 5690.697717189789
}