{
  "best_cost": -0.7840000000000004,
  "best_params": [
    1.6249341745833679,
    -0.37998823832068984,
    -2.6819420331378243,
    2.2140430900391506,
    1.6094835373155316,
    -0.670819054466268,
    -1.2859355748925736,
    -2.640276697455552,
    -0.025515042165070004,
    0.5062412530385287,
    -2.983014638381249,
    2.0560667745312857,
    -0.7267154721734248,
    -1.5507181993517865,
    2.306175920026431,
    3.118728987871665,
    -0.5823546030862541,
    -2.186220692018458,
    2.608039941462485,
    1.4409336217258772,
    1.9651702558910242,
    -0.28902202971708724,
    1.3374176496251344,
    2.313042795698251,
    -1.8507088013104964,
    1.7894130764983078,
    -2.03577127066656,
    -2.4483101473551985,
    1.3222131233658596,
    -0.5697882308949751,
    0.38709187633261494,
    0.9652859973571458,
    1.5783024396803176,
    -0.9547914459047279,
    1.095808778601242,
    1.3808438715872269,
    0.9173025204211337,
    -0.47162325379862036,
    -1.6247856248505794,
    -2.2158985135198517
  ],
  "opt_path": [
    -0.7908000000000008
  ],
  "params_path": [
    [
      1.6249341745833679,
      -0.37998823832068984,
      -2.6819420331378243,
      2.2140430900391506,
      1.6094835373155316,
      -0.670819054466268,
      -1.2859355748925736,
      -2.640276697455552,
      -0.025515042165070004,
      0.5062412530385287,
      -2.983014638381249,
      2.0560667745312857,
      -0.7267154721734248,
      -1.5507181993517865,
      2.306175920026431,
      3.118728987871665,
      -0.5823546030862541,
      -2.186220692018458,
      2.608039941462485,
      1.4409336217258772,
      1.9651702558910242,
      -0.28902202971708724,
      1.3374176496251344,
      2.313042795698251,
      -1.8507088013104964,
      1.7894130764983078,
      -2.03577127066656,
      -2.4483101473551985,
      1.3222131233658596,
      -0.5697882308949751,
      0.38709187633261494,
      0.9652859973571458,
      1.5783024396803176,
      -0.9547914459047279,
      1.095808778601242,
      1.3808438715872269,
      0.9173025204211337,
      -0.47162325379862036,
      -1.6247856248505794,
      -2.2158985135198517
    ]
  ],
  "time_taken": 35.717390060424805,
  "n_steps": 1,
  "simulation_time": 35.078285694122314
}