{
  "best_cost": -0.9143999999999998,
  "best_params": [
    2.7638599959002996,
    0.833801409107126,
    -2.230195093034319,
    -2.4780329306077857,
    -2.760640852299841,
    -0.7230935871375123,
    -1.5508552520700905,
    -0.4944927732171216,
    -0.9732646556578388,
    -0.18634418446604015,
    -1.3928942462974196,
    1.9396569256533085,
    -2.7471823694072115,
    2.4653969584774487,
    2.5825954336473744,
    -0.6271723974249742,
    0.003869501256786781,
    1.8146121930965715,
    -0.9578696688590962,
    1.8855892450186802,
    -0.64004431546408,
    -1.792236078895486,
    1.0800321810634539,
    1.216687478282929,
    -2.6318366897664784,
    2.223235354109921,
    0.31689380141853957,
    -2.5023391142115323
  ],
  "opt_path": [
    -0.9143999999999998
  ],
  "params_path": [
    [
      2.7638599959002996,
      0.833801409107126,
      -2.230195093034319,
      -2.4780329306077857,
      -2.760640852299841,
      -0.7230935871375123,
      -1.5508552520700905,
      -0.4944927732171216,
      -0.9732646556578388,
      -0.18634418446604015,
      -1.3928942462974196,
      1.9396569256533085,
      -2.7471823694072115,
      2.4653969584774487,
      2.5825954336473744,
      -0.6271723974249742,
      0.003869501256786781,
      1.8146121930965715,
      -0.9578696688590962,
      1.8855892450186802,
      -0.64004431546408,
      -1.792236078895486,
      1.0800321810634539,
      1.216687478282929,
      -2.6318366897664784,
      2.223235354109921,
      0.31689380141853957,
      -2.5023391142115323
    ]
  ],
  "time_taken": 26.50685739517212,
  "n_steps": 1,
  "simulation_time": 23.131627082824707
}